Subject,Blocks
Math,
English,
History,
Science,
Art,
PE,
Biology,
Chemistry,
Physics,
Geography,
Spanish,
French,
German,
Music,
Drama,
Computer Science,
Health,
Social Studies,
Physical Education,
Business,
Economics,
Psychology,
Statistics,
Calculus,
Algebra,
Geometry,
Latin,
Japanese,
Chinese,
Italian,
Art History,
Literature,
Creative Writing,
Philosophy,
Ethics,
Sociology,
Astronomy,
Geology,
Meteorology,
Political Science,
Human Rights,
Law,
Marketing,
Accounting,
Anthropology,
Archeology,
Communication,
Journalism,
Design,
Film Studies,
