ID,Courses
1000,MADD-09---,MADEM10---,MEN--09---,MFR--11---,MMA--09---,MPHE-09B--,MSC--09---,MSS--09---
1001,MCLE-10---,MINST12C--,MIT--11---,MLTST11C--,MMACS11---,MPH--11---,MPREC11H--,MTROB11---
1002,MCLE-10--L,MCTWR11---,MDRM-11---,MIMCB11--L,MINST12---,MLFSC11---,MPREC11---,MVAST11---
1003,MADD-09---,MADGE09D--,MEN--09C--,MFR--09---,MMA--09C--,MPHE-09G--,MSC--09C--,MSS--09C--,XLDCB09S-L
1004,MAC--11---,MCMPS10C--,MFMP-10C--,MMACS11---,MMUCB10--L,MPHED10--L,MSC--10C--,MSS--10C--,YED--0BX-L
1005,MACC-12---,MENFP12---,MFOOD12---,MMACS12---,MPREC12---,MSTX-2A---,YCPA-2AX-L,YED--2FX-L,YPSYC1AX--
1006,MACC-12---,MACLV12---,MECOM12---,MENFP12---,MFOOD12---,MMEDD12---,MPREC12---,MTAUT12---,YCPA-2AX-L,YCPA-2AXE-,YED--2FX-L
1007,MADFS09---,MADIT09---,MDNC-09M-L,MEN--09---,MMA--09H--,MPHE-09G--,MSC--09---,MSP--09---,MSS--09---,XC---09--L
1008,MADIT09---,MEN--09---,MMA--09---,MPHE-09B--,MSC--09---,MSP--09---,MSS--09---,XLDCB09M--
1009,MATPH12---,MCH--12---,MENFP12---,MENT-12---,MEVSC11---,MEVSC12C--,MPGEO12---,MPREC12---
1010,MATPH12---,MCLE-10--L,MGRPR11--L,MIMCB11--L,MIMJB11--L,MINST12C--,MLTST11C--,MMACS12---,MMUOR11S-L,MPH--11---,MPREC11H--,YED--1EX-L
1011,MADFS09---,MAE--09---,MEN--09---,MMA--09---,MPHE-09---,MSC--09---,MSS--09---,XBA--09G--
1012,MDCF-10---,MEFWR10---,MFMP-10---,MFOOD10---,MPHED10---,MSC--10---,MSS--10---,XBA--09G--
1013,MCH--11---,MCH--12---,MCLE-10---,MLST-12---,MLTST11---,MPH--11---,MPREC11---,YLAW-2CX--
1014,MCMCC12--L,MDCF-12---,MMUOR12S-L
1015,MCMPS10---,MFMP-10H--,MFR--10---,MPHED10G--,MSC--10---,MSS--10---,MVAPH10---,XBA--09G--,YCPA-0AXE-
1016,AELC-12---,MACLV11G--,MEVSC12C--,MFR--12---,MINST12---,MLTST12---,MPREC12---,YCPA-2AX-L,YLAW-2CX--
1017,MADEM10---,MADER09---,MEN--09C--,MFR--09---,MMA--09C--,MPHE-09---,MSC--09C--,MSS--09C--
1018,MADER09---,MADIT09---,MEN--09C--,MMA--09C--,MPHE-09---,MSC--09C--,MSP--09---,MSS--09C--
1019,MCLE-10---,MCTWR11---,MEPSS11---,MEVSC11---,MFOOD11---,MIMJB11--L,MVAPH11---,MWPM-11---,YPSYC1AX--
1020,MFMP-10---,MMEDD10---,MPHED10B--,MSC--10---
1021,MCLE-10---,MCMPS11---,MECOM12---,MENT-12---,MEPSS11---,MLFSC11---,MPH--11---,MPREC11---
1022,MADEM10---,MCMPR11W--,MEFWR10---,MFMP-10---,MPHED10---,MSC--10---,MSP--10---,MSS--10---
1023,MCMPS10---,MFMP-10---,MFOOD10---,MPHED10B--,MSC--10---,MSS--10---,MTPOW10---,MWWK-10---
1024,MADER09---,MADIT09---,MEN--09---,MMA--09---,MPHE-09B--,MSC--09---,MSS--09---,XLDCB09M--
1025,MADIT09---,MEN--09---,MMA--09H--,MPHE-09B--,MSC--09---,MSP--09---,MSS--09---,XLDCB09S-L
1026,MADFS09---,MADGE09I--,MEN--09---,MMA--09---,MPHE-09B--,MSC--09---,MSP--09---,MSS--09---
1027,MACLV11---,MCLE-10---,MCTWR11---,MEPSS11---,MFR--11---,MLFSC11---,MPREC11---,MSTX-1AI--
1028,MEFWR10---,MFMP-10---,MFOOD10---,MFR--10---,MFR--11---,MPHED10B--,MSC--10---,MSS--10---
1029,MCSTU10---,MDMD-12D--,MMEDD10---,MPREC11---,MSC--10---,MSPLG10--L,MSS--10---,YESFL0AX-L
1030,MCMCC12--L,MENFP12---,MEVSC12C--,MFOOD12---,MMEDD12---,MTAUT11---,MVAST12---,MWPM-11---,YPSYC1AX--
1031,MADFS09---,MADW-09---,MDR--09---,MEN--09---,MMA--09H--,MPHE-09B--,MSC--09---,MSS--09---,XC---09--L
1032,MCLE-10---,MCMPS11---,MEVSC11---,MFOM-11---,MTAUT11---,MTAUT12---,MTEAD12---
1033,AELC-12---,MATPH12---,MCH--12---,MINST12---,MLTST12---,MPH--11---,MPREC12---,MSTAT12---,YCPA-2AX-L
1034,MAC--11---,MEFWR10---,MFMP-10---,MMACS11---,MPHED10---,MSC--10---,MSP--10---,MSS--10---,YCPA-0AX-L
1035,MADER09---,MADGE09D--,MAE--09---,MEN--09---,MMA--09H--,MPHE-09---,MSC--09---,MSS--09---
1036,MATPH12---,MCH--12---,MENFP12---,MENT-12---,MPH--11---,MPREC12---,MTAUT11---,YLAW-2CX--
1037,AELC-12---,MECOM12---,MENT-12---,MFOM-11---,MINST12---,MLTST12---,XBA--09G--,YED--2CX--
1038,MCMPS11---,MEPSS11---,MFOM-11---,MLFSC11---
1039,MCMPR11W--,MCMPS10---,MFMP-10---,MPHED10B--,MSC--10---,MSP--10---,MSS--10---,MSTX-0AI--
1040,MADGE09I--,MADW-09---,MEN--09---,MMA--09---,MPHE-09B--,MSC--09---,MSP--09---,MSS--09---
1041,ACSC-2A---,MATPH12---,MCALC12---,MECOM12---,MENFP12---,MPH--11---,MPREC12---
1042,MATPH12---,MCMPS11---,MFOM-11---,MPH--11---,MVAPH11---,MWH--12---,YLAW-2CX--,YPSYC1AX--
1043,MATPH12---,MCH--12---,MENFP12---,MEVSC12C--,MIMCB12--L,MPH--11---,MPREC12---,YCPA-2AXE-
1044,MADFS09---,MADIT09---,MEN--09---,MFR--09---,MMA--09H--,MPHE-09B--,MSC--09---,MSS--09---
1045,MAC--11---,MCH--12---,MCLE-10---,MCMPR12W--,MENFP12--Y,MPH--12---,MPREC12---,YESFL1CX--
1046,MCMPS10---,MFMP-10---,MMEDD10---,MPHED10B--,MSC--10---,MSS--10---,MWWK-10---,YED--0AX--
1047,MAC--11---,MATPH12---,MCLE-10---,MENFP12--Y,MEPSS11---,MMEDD11---,MPREC11---,YESFL1CX--
1048,MCMPS11---,MDCOM11C--,MFOOD11---,MLFSC11---,MMEDD11---,MPREC11---,MVAPH11---,MWH--12---
1049,MADEM10---,MCMPS10---,MDCF-10---,MFMP-10---
1050,MCH--11---,MCLE-10--L,MCTWR11---,MIMCB11--L,MIMJB11--L,MLST-12---,MPH--11---,MPREC11H--,MPREC12---
1051,MCMPS10C--,MFMP-10C--,MFOOD10---,MFR--10---,MMUCB10--L,MMUJB10--L,MPHED10--L,MSC--10C--,MSS--10C--
1052,MADD-09---,MADFS09---,MEN--09---,MMA--09H--,MPHE-09--L,MSC--09---,MSS--09---,XLDCB09LSL
1053,MCH--11---,MCLE-10---,MCTWR11---,MLFSC11---,MLST-12---,MPH--11---,MPREC11---,YCPA-1AX-L,YLAW-2CX--
1054,MADEM10---,MEN--09---,MFR--12---,MMA--09---,MPHE-09B--,MSC--09---,MSS--09---
1055,MACLV12---,MENFP12---,MFOOD11---,MPH--12---,MPREC12---,MTEAD12---,MWWK-12---
1056,AELC-12---,MCALC12---,MCH--12---,MFOOD12---,MLTST12---,MPH--12---,MPREC12H--,YCPA-2AXE-,YED--2FX-L
1057,MADEM10---,MDRM-10---,MEFWR10---,MFMP-10---,MFOOD10---,MPHED10---,MSC--10---,MSS--10---
1058,MATPH12---,MCMCL12---,MENST12---,MFOOD12---,MIMJB11--L,MINST12---,MWH--12---,YCPA-2AX-L,YLAW-2CX--
1059,MAC--11---,MACLV11---,MCLE-10---,MEPSS11---,MFOM-11---,MLFSC11---,MLTST11---,MTAUT11---
1060,MADEM10---,MCMPS10---,MDCF-10---,MDRM-10---,MFMP-10---,MFR--10---,MPHED10G--,MSS--10---
1061,MDCF-11---,MFOOD11---,MVAPH11---,MVAST11---
1062,MCH--11---,MCLE-10--L,MIMCB11--L,MIMJB11--L,MINST12C--,MLTST11C--,MMACS11---,MMUOR11S-L,MPH--11---,MPREC11---
1063,MCTWR11---,MECOM12---,MEVSC12C--,MFR--11---,MLST-12---,MPREC11---,YLAW-2CX--,YPSYC1AX--
1064,MCH--11---,MCLE-10---,MGMT-12L--,MINST12C--,MLTST11C--,MMACS12---,MPH--11---,MPREC11H--,MSTAT12---
1065,MADIT09---,MAE--09---,MEN--09C--,MFR--12---,MMA--09C--,MPHE-09---,MSC--09C--,MSS--09C--,XLDCB09S-L
1066,MCH--11---,MCH--12---,MCLE-10---,MCMCC11--L,MLTST11---,MPGEO12---,MPREC11---,MSP--11---,MTAUT11---
1067,MADIT09---,MEN--09---,MFR--12---,MMA--09---,MPHE-09--L,MSC--09---,MSS--09---,XBA--09C-L
1068,MATPH12---,MENST12---,MPREC11---,MWH--12---
1069,MBIT-11,MCLE-10---,MEVSC12C--,MFOOD12---,MINST12---,MLTST11---,MWH--12---,MWPM-11---
1070,MCH--11---,MCLE-10---,MCMPS11---,MLFSC11---,MPGEO12---,MPREC11---,MSP--11---,MWH--12---
1071,MADEM10---,MEN--09---,MFR--12---,MMA--09---,MPHE-09B--,MSC--09---,MSS--09---
1072,MADD-09---,MADEM10---,MADW-09---,MEN--09---,MPHE-09B--,MSC--09---,MSS--09---,XLDCE09NM-
1073,MACLV11---,MBIT-11,MCH--11---,MCMCL12---,MCMPS11---,MPH--11---,MPREC11---,MTAUT11---
1074,MEFWR10---,MFMP-10H--,MMEDD10---,MPHED10B--,MSC--10---,MSS--10---,MTDRF10---,MTEAR10---
1075,MADFS09---,MADIT09---,MEN--09C--,MFR--11---,MMA--09C--,MPHE-09G--,MSC--09C--,MSS--09C--
1076,MADD-09---,MDNC-09C-L,MDNC-09M-L,MDNC-09PT-,MEN--09---,MMA--09---,MPHE-09G-L,MSC--09---,MSS--09---,XBA--09C-L
1077,MACC-12---,MENST12C--,MFOOD12---,MLST-12---,MPREC12---,MWH--12---
1078,MCH--11---,MCLE-10--L,MIMCB11--L,MIMJB11--L,MLTST11---,MMACS11---,MMEDD11---,MPREC11H--,MWH--12---,YCPA-1AXE-
1079,MATPH12---,MENT-12---,MPH--12---,MPREC12---
1080,MEFWR10---,MFMP-10---,MFOOD10---,MFR--10---,MPHED10G--,MSC--10---,MSS--10---,MTPOW10---
1081,MADFS09---,MADGE09I--,MEN--09---,MMA--09---,MPHE-09B--,MSC--09---,MSS--09---
1082,MCLE-10---,MDNC-11--L,MDNCM11--L,MINST12---,MLFSC11---,MLTST11---,MMAP-11---,MPREC11---,MSP--11---,YLAW-2CX--
1083,MSTX-1A---,MTAUT11---,MWWK-11---
1084,MADEM10---,MADIT09---,MEN--09C--,MMA--09C--,MPHE-09--L,MSC--09C--,MSS--09C--,XBA--09C-L
1085,MACLV12G--,MATPH12---,MENST12---,MPREC12---
1086,MADD-09---,MADEM10---,MADW-09---,MEN--09---,MMA--09H--,MPHE-09B--,MSC--09---,MSS--09---
1087,MADEM10---,MADGE09D--,MDNC-09C-L,MDNC-09M-L,MDNC-09PT-,MDR--09---,MEN--09---,MMA--09---,MSC--09---,MSS--09---
1088,MADEM10---,MADGE09I--,MEN--09---,MMA--09---,MPHE-09B--,MSC--09---,MSP--09---,MSS--09---
1089,MEFWR10---,MFOOD10---,MPHED10B--,MSC--10---,MSP--10---,MSS--10---,MTPOW10---,MWPM-10---
1090,MACLV11---,MCLE-10---,MCMCL12---,MEVSC11---,MFOM-11---,MLTST11---,MSP--09---,MSS--10---
1091,ACAL-12---,MATPH12---,MCH--12---,MENFP12---,MIT--11---,MMACS11---,MPH--12---,MPREC12---,YCPA-2AX-L
1092,MADGE09I--,MEN--09C--,MMA--09C--,MPHE-09--L,MSC--09C--,MSS--09C--,XBA--09C-L
1093,MCH--11---,MDNC-11--L,MDNCM11--L,MECOM12---,MINST12C--,MLTST11C--,MPH--11---,MPREC11---,YCPA-1AX-L,YLAW-2CX--,YPSYC1AX--
1094,MADER09---,MADIT09---,MEN--09C--,MFR--12---,MMA--09C--,MPHE-09B--,MSC--09C--,MSS--09C--
1095,MCSTU10---,MEFWR10---,MFMP-10---,MMACS11---,MPHED10G--,MSC--10---,MSS--10---,MVAST10---
1096,MADIT09---,MDNC-09F--,MEN--09---,MFR--12---,MMA--09H--,MPHE-09---,MSC--09---,MSS--09---
1097,MADEM10---,MADFS09---,MEN--09---,MMA--09---,MPHE-09G--,MSC--09---,MSP--09---,MSS--09---
1098,MADEM10---,MADFS09---,MADIT09---,MEN--09---,MMA--09---,MPHE-09G--,MSC--09---,MSS--09---
1099,MAC--11---,MEFWR10---,MFMP-10---,MMAP-11---,MPHED10G--,MSC--10---,MSS--10---,MTPOW10---,YCPA-0AX-L
1100,ACAL-12---,APHM-12---,MATPH12---,MCH--12---,MENST12C--,MLST-12---,MSTAT12---,YED--2FX-L
1101,MAC--11---,MCMPS10C--,MFMP-10C--,MFR--12---,MMACS11---,MPHED10G--,MSC--10C--,MSS--10C--
1102,ACAL-12---,MATPH12---,MCH--12---,MENST12C--,MEVSC12C--,MGRPR12--L,MPH--12---,MPREC12H--,YCPA-2AX-L,YED--2DX-L,YED--2FX-L,YLAW-2CX--
1103,MCSTU10---,MFMP-10---,MPHED10B--,MSC--10---,MSPLG10--L,MSS--10---,MVAPH10---,YESFL0AX-L
1104,MADIT09---,MEN--09---,MFR--12---,MMA--09H--,MPHE-09--L,MSC--09---,MSS--09---,XBA--09C-L,XLDCB09S-L
1105,MADD-09---,MADEM10---,MADIT09---,MADW-09---,MEN--09---,MEN--09E--,MSC--09---,MSS--09---
1106,MAC--11---,MCLE-10---,MEPSS11---,MFR--10---,MGRPR11--L,MIMJB11--L,MLTST11---,MPH--11---,MPREC11---,MPREC12---,YCPA-1AX-L
1107,MENFP12--Y,MEVSC12C--,MFOOD12---,MPGEO12---,MPREC12---,MWH--12---,YCPA-2AX-L,YED--2FX-L,YESFL1CX--
1108,MEFWR10---,MFMP-10H--,MFOOD10---,MFR--10---,MPHED10G--,MSC--10---,MSS--10---,MVAST10---
1109,MCH--11---,MCLE-10--L,MCTWR11---,MIMCB11--L,MIMJB11--L,MLST-12---,MMACS12---,MPH--11---,MPREC11H--
1110,MCLE-10---,MDRM-11---,MEPSS11---,MEVSC11---,MFOOD11---,MINST12---,MLTST11---,MPREC11---
1111,MCH--11---,MCLE-10---,MCTWR11---,MFOOD11---,MIMG-12---,MPGEO12---,MPH--11---,MPREC11H--
1112,MBIT-11,MCMPS10C--,MDNCM10--L,MDRM-10---,MFMP-10C--,MFR--12---,MIDS-0C---,MPHED10---,MSC--10C--,MSS--10C--
1113,MADIT09---,MAE--09---,MEN--09---,MFR--09---,MMA--09---,MPHE-09B--,MSC--09---,MSS--09---
1114,MCLE-10---,MCMPS11---,MFOOD11---,MMACS11---,MMACS12---,MPH--11---,MPREC11H--,MWH--12---
1115,MADD-09---,MADER09---,MEN--09---,MFR--09---,MMA--09---,MPHE-09B--,MSC--09---,MSS--09---
1116,MACC-12---,MCLE-10---,MECOM12---,MINST12C--,MLTST11C--,MMACS12---,MMUOR11S-L,MPH--11---,MPREC11H--,YCPA-1AX-L
1117,MCLE-10---,MDRM-11---,MINST12C--,MLTST11C--,MMACS11---,MMEDD11---,MPH--11---,MPREC11H--,YCPA-1AXE-
1118,MACC-12---,MACLV12---,MCALC12---,MCH--12---,MCMPR12W--,MENFP12---,MPH--12---,MPREC12---
1119,ACAL-12---,AELC-12---,MCH--12---,MINST12---,MLTST12---,MMACS12---,MPH--12---,MPREC12H--
1120,MADEM10---,MCMPS10---,MDRM-10---,MPHED10---,MSC--10---,MSP--09---,MSS--10---,MWPM-10---,YCPA-0AX-L
1121,MAE--09---,MDR--09---,MEN--09C--,MMA--09C--,MPHE-09---,MSC--09C--,MSS--09C--,XLDCB09S-L
1122,MCMPS11---,MDCF-11---,MEPSS11---,MFOOD11---,MMAP-11---,MPREC11---,MVAPH11---,MVAST11---
1123,MATPH12---,MCALC12---,MCH--12---,MECOM12---,MENFP12---,MLST-12---,MPH--12---,MPREC12---
1124,AELC-12---,MATPH12---,MINST12---,MIT--11---,MLTST12---,MPREC12---,MTAUT11---,YED--2FX-L,YLAW-2CX--
1125,MCH--11---,MENFP12--Y,MGMT-12L--,MPGEO12---,MPREC11---,MPREC12---,MTDRF12---,MVAST12---,YED--2FX-L,YESFL1CX--
1126,MADFS09---,MDNC-09PT-,MEN--09---,MMA--09---,MPHE-09G--,MPHE-09Y--,MSC--09---,MSS--09---
1127,ACAL-12---,ACSC-2A---,MCH--12---,MENST12C--,MLST-12---,MPH--12---,MPREC12H--,YED--2DX-L,YED--2FX-L
1128,MCALC12---,MCH--12---,MENFP12---,MPH--11---,MPREC12---,MTAUT11---,MWEX-2B--L,YED--2FX-L
1129,MCMPS10C--,MFMP-10C--,MFR--10---,MMUCB10--L,MPHED10--L,MSC--10C--,MSS--10C--,MWBDV10IT-
1130,MCMPS10---,MFOOD10---,MPHED10G--,MSC--10---,MSS--10---,MVAPH10---,MVAST10---,MWPM-10---
1131,MACLV11---,MCLE-10---,MCMPS11---,MEPSS11---,MIT--11---,MMACS12---,MPH--11---,MPREC11---
1132,MENFP12--Y,MFOOD12---,MMEDD12---,MVAPH12---,MVAST12---,YESFL1CX--
1133,MCLE-10--L,MCMCL12---,MCMPS11---,MLFSC11---,MMAP-11---,MTAUT11---,MWPM-11---,YED--1DX-L
1134,MCH--11---,MCMPS11---,MDNTP11---,MEPSS11---,MFOM-11---,MFOOD11---,MMEDD11---,MVAPH11---
1135,MADEM10---,MADGE09D--,MADIT09---,MEN--09C--,MMA--09C--,MPHE-09G--,MSC--09C--,MSS--09C--
1136,MADIT09---,MEN--09C--,MFR--11---,MMA--09C--,MPHE-09--L,MSC--09C--,MSS--09C--,XBA--09C-L,XBA--09J-L
1137,MAC--11---,MACC-12---,MATPH12---,MCALC12---,MCH--12---,MECOM12---,MENFP12---,MPREC12---,YED--2FX-L
1138,MADEM10---,MCSTU10---,MFMP-10---,MPHED10B--,MSC--10---,MSPLG10--L,MSS--10---,YESFL0AX-L
1139,MADFS09---,MEN--09---,MIMG-12---,MMA--09---,MPHE-09B--,MSC--09---,MSS--09---,XLDCB09M--
1140,MATPH12---,MCH--12---,MPH--12---,MPREC12---
1141,AELC-12---,MATPH12---,MCALC12---,MCH--12---,MINST12---,MLTST12---,MPREC12---
1142,ACSC-2A---,MCH--11---,MCLE-10---,MCMPS11---,MINST12---,MMACS12---,MPH--11---,MPREC11---
1143,MATPH12---,MCH--12---,MCMPR12W--,MENST12---,MPH--12---,MPREC12---,MTDRF12---,MVAST12---
1144,MADFS09---,MEN--09C--,MFR--11---,MMA--09C--,MPHE-09B--,MSC--09C--,MSS--09C--,XBA--09G--
1145,MCMPS10---,MDNC-10--L,MDNTP10---,MDRM-10---,MFMP-10---,MMA--09---,MPHED10G--,MSC--10---,MSS--10---
1146,MACLV11---,MCLE-10---,MCTWR11---,MEVSC11---,MINST12---,MWPM-11---,MWWK-11---,YED--1DX--
1147,MCH--11---,MCLE-10--L,MIMCB11--L,MIMJB11--L,MINST12C--,MLTST11C--,MMUOR11S-L,MPH--11---,MPREC11H--,YLAW-2CX--
1148,MADIT09---,MEN--09C--,MFR--09---,MMA--09C--,MPHE-09---,MSC--09C--,MSS--09C--,XLDCB09S-L
1149,MADFS09---,MADGE09I--,MEN--09---,MPHE-09B--,MPHE-09Y--,MSC--09---,MSS--09---,XLDCE09NM-
1150,MACLV12---,MENFP12---,MENT-12---,MFOOD12---,MSTX-2AI--,MWPM-11---
1151,MADEM10---,MCMPS10---,MFMP-10---,MFOOD10---,MPHED10B--,MSC--10---,MSS--10---,YPR--0BX--
1152,AELC-12---,MCMPR11W--,MIMCB12--L,MINST12---,MLTST12---,MPH--12---,MPREC12---,YED--2FX-L,YLAW-2CX--
1153,MCMPS10C--,MCSTU10---,MFMP-10C--,MFOOD10---,MPHED10B--,MSC--10C--,MSS--10C--,MWBDV10IT-
1154,MACC-12---,MDMD-12D--,MDRM-12---,MENFP12---,MMACS12---,MMAP-11---,MPH--12---,MPREC12---,YED--2FX-L
1155,MEFWR10---,MFMP-10---,MMACS11---,MMUCB10--L,MMUJB10--L,MPHED10--L,MSC--10---,MSP--10---,MSS--10---
1156,ACAL-12---,ACSC-2A---,MCH--12---,MENFP12---,MMACS12---,MPH--12---,MPREC12---,YED--2FX-L
1157,MATPH12---,MCH--11---,MCH--12---,MENFP12---,MIMCB12--L,MIMJB12--L,MPREC12---,MWH--12---,YED--2CX-L
1158,MCH--11---,MCLE-10---,MGMT-12L--,MINST12C--,MLTST11C--,MPH--11---,MPREC11---,MSP--11---,YCPA-1AXE-,YLAW-2CX--
1159,ACAL-12---,MATPH12---,MCH--12---,MENST12C--,MGRPR12--L,MIMCB12--L,MIMJB12--L,MMACS12---,MPH--12---,MPREC12H--,YCPA-2AXE-,YED--2FX-L
1160,MADW-09---,MEN--09---,MFR--11---,MMA--09---,MPHE-09G-L,MSC--09---,MSS--09---,XBA--09C-L,XBA--09J-L,XC---09--L
1161,ACAL-12---,APHM-12---,MCH--12---,MENFP12---,MEVSC12C--,MPREC12H--,MTAUT12---,MTDRF12---
1162,MATPH12---,MCALC12---,MCH--12---,MCMPR12W--,MENFP12---,MLST-12---,MPREC12---
1163,MCH--11---,MCLE-10---,MCMCL12---,MCMPS11---,MLST-12---,MPH--11---,MPREC11---,MSP--11---
1164,MCMPS10---,MFMP-10---,MFR--09---,MMACS11---,MPHED10G--,MSC--10---,MSS--10---,XBA--09G--,YCPA-0AX-L
1165,MCALC12---,MCH--12---,MENFP12--Y,MPH--11---,MPH--12---,MPREC12---,MTDRF12---,YESFL1CX--
1166,ACSC-2A---,MCLE-10--L,MGRPR11--L,MIMCB11--L,MIMJB11--L,MINST12C--,MLTST11C--,MMACS12---,MPH--11---,MPREC11H--,YCPA-1AX-L
1167,AELC-12---,MAC--11---,MCALC12---,MFR--12---,MINST12---,MLTST12---,YED--2FX-L
1168,MADEM10---,MADFS09---,MEN--09---,MMA--09---,MPHE-09B--,MSC--09---,MSS--09---,XLDCB09M--
1169,MACLV12---,MATPH12---,MCALC12---,MCH--12---,MENFP12---,MPH--12---
1170,MAC--11---,MEFWR10---,MFMP-10---,MFOOD10---,MPHED10G--,MSC--10---,MSS--10---,MTDRF10---
1171,MDNTP10---,MDRM-10---,MEFWR10---,MFMP-10---,MPREC11---,MSC--10---,MSP--10---,MSS--10---
1172,MATPH12---,MBIT-11,MCH--12---,MDRM-12---,MENFP12---,MPH--11---,MPREC12---,YPA--2CX--
1173,MCMPS10---,MFMP-10H--,MFOOD10---,MMACS11---,MMEDD10---,MPHED10---,MSC--10---,MSS--10---,YED--0BX-L
1174,MADEM10---,MDR--09---,MEN--09---,MEN--09E--,MMA--09---,MPHE-09G--,MSC--09---,MSS--09---
1175,MDNC-10--L,MDNCM10--L,MDNTP10---,MEFWR10---,MFMP-10---,MMAP-11---,MPHED10G--,MSC--10---,MSP--10---,MSS--10---
1176,MADEM10---,MADFS09---,MEN--09---,MMA--09---,MPHE-09G--,MSC--09---,MSP--09---,MSS--09---
1177,MADER09---,MADIT09---,MEN--09C--,MMA--09C--,MPHE-09--L,MSC--09C--,MSS--09C--,XBA--09C-L,XBA--09J-L
1178,MCALC12---,MCH--11---,MDRM-11---,MENST12C--,MFR--12---,MPH--12---,MPREC12---,YPSYC1AX--
1179,MCH--12---,MDMD-12D--,MECOM12---,MENT-12---,MMAP-11---,MMEDD12---,MVAPH12---,MVAST12---
1180,MCH--11---,MCMPS11---,MEPSS11---,MPH--11---,MPREC11---,MSP--11---,MTAUT11---,MWWK-11---
1181,MACLV11---,MCTWR11---,MENT-12---,MEPSS11---,MFOM-11---,MLFSC11---,MMAP-11---,MWWK-11---
1182,MENST12---,MIMCB12--L,MIMJB12--L,MINST12---,MPGEO12---,MPREC12---,YED--2FX-L,YPSYC1AX--
1183,MAC--11---,MDNC-10--L,MDNCM10--L,MEFWR10---,MFMP-10---,MMAP-11---,MPHED10G--,MSC--10---,MSP--11---,MSS--10---
1184,MATPH12---,MCALC12---,MCH--12---,MENFP12---,MLST-12---,MPH--11---,MPREC12---,MTAUT12---,MWEX-2B--L,YED--2FX-L
1185,MCMPS10---,MFMP-10---,MFOOD10---,MMEDD10---,MPHED10G--,MSC--10---,MSS--10---,MVAPH10---
1186,MADEM10---,MCMPS10---,MFMP-10---,MIDS-0C---,MMACS11---,MMEDD10---,MPHED10G--,MSC--10---,MSS--10---,YCPA-0AX-L
1187,MADEM10---,MCMPS10---,MDRM-10---,MFMP-10---,MFOOD10---,MPHED10---,MSC--10---,MSS--10---
1188,MCLE-10---,MCMPS11---,MENFP12---,MEPSS11---,MFOOD12---,MWPM-11---,MWWK-12---,YED--2CX--
1189,MCMPS10C--,MFMP-10C--,MFOOD10---,MMACS11---,MPHED10B--,MSC--10C--,MSS--10C--,YPA--0CX--
1190,ACAL-12---,MATPH12---,MCH--12---,MDCOM11C--,MDNC-12--L,MDNCM12--L,MECOM12---,MENST12C--,MPH--12---,MPREC12H--,YCPA-2AXE-,YED--2FX-L
1191,MCLE-10---,MCMPS11---,MDRM-11---,MEVSC11---,MPGEO12---,MPREC11---,MVAST11---,YCPA-1AXE-,YLAW-2CX--
1192,MACLV12---,MATPH12---,MENFP12---,MPREC12---,MTAUT12---,MWH--12---,YLAW-2CX--,YPSYC1AX--
1193,MCH--11---,MCLE-10---,MCMPS11---,MINST12---,MPH--11---,MPREC11H--,MSTX-1AI--,MTDRF11---
1194,MADEM10---,MEFWR10---,MFOOD10---,MPHED10B--,MSC--10---,MSS--10---,MTDRF10---,MWPM-10---
1195,MADEM10---,MCMPS10C--,MFMP-10C--,MFOOD10---,MMACS11---,MPHED10B--,MSC--10C--,MSS--10C--
1196,MACLV12---,MECOM12---,MENFP12---,MFOOD12---,MINST12---,MTAUT12---,MTDRF12---,MTEAD12---
1197,MADFS09---,MADW-09---,MEN--09---,MMA--09---,MPHE-09B--,MSC--09---,MSS--09---,XLDCB09M--
1198,ACAL-12---,AELC-12---,MATPH12---,MCH--12---,MGRPR12--L,MIMCB12--L,MIMJB12--L,MLTST12---,MPH--11---,YCPA-2AX-L,YED--2FX-L,YLAW-2CX--
1199,MAC--11---,MCMPS10C--,MFMP-10C--,MIDS-0C---,MMACS11---,MMUCB10--L,MMUJB10--L,MPHED10--L,MSC--10C--,MSS--10C--
1200,MATPH12---,MCH--12---,MENST12C--,MIMCB12--L,MIMJB12--L,MPH--12---,MPREC12---,MTAUT12---,YCPA-2AX-L,YED--2DX-L,YED--2FX-L
1201,MADIT09---,MEN--09---,MMA--09---,MPHE-09B--,MPHE-09Y--,MSC--09---,MSS--09---,XLDCE09NM-
1202,MCMPS10C--,MFMP-10C--,MMUCB10--L,MMUJB10--L,MPHED10--L,MSC--10C--,MSS--10C--,MTDRF10---,MWWK-10---,YCPA-0AX-L
1203,MCALC12---,MCH--11---,MCH--12---,MENFP12---,MLST-12---,MPH--12---,MPREC12---,YLAW-2CX--
1204,MEFWR10---,MPHED10B--,MSC--10---,MSS--10---,MSTX-0A---,MTDRF10---,MTPOW10---,MWPM-10---
1205,MECOM12---,MENST12---,MENT-12---,MMAP-11---,MPH--12---,MPREC12---,MVAPH11---,MWH--12---
1206,MADER09---,MADIT09---,MEN--09---,MMA--09---,MPHE-09---,MSC--09---,MSS--09---,XC---09--L,XLDCB09M--
1207,MEFWR10---,MFMP-10---,MFOOD10---,MSC--10---,MSP--10---,MSS--10---,MWWK-10---,YPA--0CX--
1208,MCMPS10---,MFMP-10---,MPHED10---,MSC--10---,MSS--10---,MTPOW10---,MVAPH10---,XBA--09G--
1209,MFMP-10---,MFOOD10---,MPHED10B--,MSC--10---,MSPLG10--L,MSS--10---,MWWK-10---,YESFL0AX-L
1210,MIDS-0C---,MPHED10G--,MSC--10---,MSPLG10--L,MSS--10---,MTDRF10---,MTEXP10D--,MWPM-10---,YCPA-0AX-L,YESFL0AX-L
1211,MCMPS11---,MDRM-11---,MEPSS11---,MFOM-11---,MLFSC11---,MMAP-11---,MTDRF11---,MVAST11---
1212,MADGE09D--,MADIT09---,MEN--09---,MMA--09---,MPHE-09---,MSC--09---,MSP--09---,MSS--09---
1213,MDMD-12D--,MENFP12---,MODED12---,MSTX-2AI--,MVAPH12---,MVAST12---,XBA--09G--,YLAW-2CX--
1214,MADEM10---,MCMPS10C--,MFMP-10C--,MFR--12---,MMUCB10--L,MMUJB10--L,MPHED10--L,MSC--10C--,MSS--10C--
1215,MADEM10---,MFMP-10---,MFOOD10---,MPHED10G--,MSC--10---,MSPLG10--L,MSS--10---,YESFL0AX-L
1216,MENST12---,MFR--12---,MMEDD12---,MSP--12---
1217,MAC--11---,MACLV11---,MCTWR11---,MENT-12---,MEPSS11---,MFOM-11---,MLFSC11---,MMAP-11---
1218,MADIT09---,MEN--09---,MMA--09H--,MPHE-09B--,MSC--09---,MSP--09---,MSS--09---,XLDCB09S-L
1219,MEFWR10---,MFMP-10---,MPHED10B--,MSC--10---,MSP--10---,MSS--10---,MTEAR10---,MTPOW10---
1220,MCSTU10---,MFMP-10---,MFOOD10---,MPHED10B--,MSC--10---,MSPLG10--L,MSS--10---,YESFL0AX-L
1221,MDRM-12---,MENFP12---,MEVSC12C--,MFOOD12---,MLST-12---,MODED12---,MTEAD12---,YCPA-2AX-L
1222,MAC--11---,MCH--12---,MCLE-10---,MGMT-12L--,MINST12C--,MLTST11C--,MPH--11---,MPREC11H--,MSTAT12---
1223,ACAL-12---,MATPH12---,MCH--12---,MDNC-12--L,MDNCM12--L,MECOM12---,MENST12C--,MLST-12---,MPH--12---,MPREC12H--,YCPA-2AXE-,YED--2FX-L
1224,MCH--11---,MCLE-10---,MINST12C--,MLTST11C--,MMACS11---,MMUOR11S-L,MPH--11---,MPREC11---,MSP--11---,YCPA-1AX-L
1225,ACAL-12---,ACSC-2A---,MATPH12---,MCH--12---,MENST12C--,MPH--12---,MPREC12---,MSP--12---
1226,MCLE-10---,MEPSS11---,MMAP-11---,MPH--11---,MPREC11---,MSPLG10--L,MVAST11---,YESFL0AX-L
1227,ACAL-12---,ACSC-2A---,APHM-12---,MCH--11---,MCH--12---,MENST12C--,MPREC12H--,MSP--11---,YED--2DX-L,YED--2FX-L
1228,MADER09---,MADIT09---,MADW-09---,MEN--09---,MMA--09---,MPHE-09B--,MSC--09---,MSS--09---
1229,MCMPS10---,MFMP-10---,MSC--10---,MSS--10---
1230,MAC--11---,MCH--11---,MCLE-10---,MINST12---,MLFSC11---,MLTST11---,MMAP-11---,MPREC11---
1231,MADEM10---,MAE--09---,MDNC-09C-L,MEN--09---,MFR--09---,MMA--09---,MPHE-09---,MSC--09---,MSS--09---
1232,MFMP-10---,MFOOD10---,MMUCB10--L,MPHED10--L,MSC--10---,MSPLG10--L,MSS--10---,YESFL0AX-L
1233,MADFS09---,MADW-09---,MEN--09---,MMA--09---,MPHE-09B--,MSC--09---,MSS--09---,XLDCB09M--
1234,MACLV12---,MECOM12---,MENFP12---,MENT-12---,MEVSC12C--,MFOOD12---,MGRPR12--L,MODED12---,MPGEO12---,YCPA-2AX-L
1235,MACC-12---,MATPH12---,MCALC12---,MCH--12---,MENST12C--,MFOOD12---,MPH--11---,MPREC12H--,YCPA-2AXE-
1236,MEFWR10---,MFMP-10---,MFR--10---,MMUCB10--L,MMUJB10--L,MPHED10--L,MSC--10---,MSS--10---,MTEXP10D--
1237,MCLE-10---,MCMCC11--L,MCTWR11---,MDNC-11--L,MDNCM11--L,MDNTP11---,MDRM-11---,MLST-12---,MPH--11---,MPREC11---,YPSYC1AX--
1238,MATPH12---,MCALC12---,MCH--12---,MENFP12---,MFOOD12---,MPH--11---,MPH--12---,MPREC12---
1239,MADFS09---,MADIT09---,MADW-09---,MEN--09---,MMA--09---,MPHE-09B--,MSC--09---,MSS--09---
1240,MADD-09---,MADEM10---,MADIT09---,MEN--09---,MMA--09H--,MPHE-09B--,MSC--09---,MSS--09---
1241,MCH--11---,MGMT-12L--,MINST12C--,MLTST11C--,MMACS11---,MMACS12---,MPH--11---,MPREC11H--,MSTAT12---,YED--1EX-L
1242,MCLC-12---,MENFP12---,MLST-12---,MPREC12---,MVAST12---
1243,MCH--12---,MCMPR11W--,MDMD-12D--,MENST12---,MINST12---,MPH--12---,MPREC12---
1244,MCH--11---,MCLE-10---,MEPSS11---,MMACS11---,MPH--11---,MPREC11---,MSPLG10--L,YESFL0AX-L
1245,MCLE-10---,MEPSS11---,MMACS11---,MPH--11---,MPREC11---,MSPLG10--L,MVAST11---,YESFL0AX-L
1246,MTDRF11---,MVAPH11---,MVAST11---,MWWK-11---
1247,MACLV11---,MCH--11---,MEVSC12C--,MINST12C--,MLTST11C--,MPH--11---,MPREC11H--,MTROB11---
1248,MADEM10---,MEFWR10---,MFMP-10---,MFR--10---,MSC--10---,MSS--10---,MTPOW10---,MWWK-10---
1249,MCMPS11---,MFOOD11---,MVAPH11---,YLAW-2CX--
1250,MACLV11---,MCH--11---,MCLE-10---,MCMCL12---,MCMPS11---,MFOM-11---,MMAP-11---,MTAUT11---
1251,MCH--11---,MCLE-10---,MINST12---,MLTST11---,MPH--11---,MPREC11---,MPREC12---,MSTAT12---,YED--1EX-L
1252,MCH--11---,MCLE-10--L,MCMPS11---,MIMCB11--L,MIMJB11--L,MLST-12---,MMACS12---,MPH--11---,MPREC11---
1253,MADGE09D--,MADIT09---,MEN--09---,MMA--09---,MPHE-09B--,MSC--09---,MSP--09---,MSS--09---
1254,MCLC-12---,MDNCM12--L,MENFP12---,MEVSC12C--,MLST-12---,YPA--2CX--
1255,MCH--11---,MCLE-10--L,MCTWR11---,MEPSS11---,MGRPR11--L,MIMCB11--L,MPH--11---,MPREC11---,MTDRF11---,YCPA-1AX-L
1256,MACLV12---,MCH--11---,MCMCC12--L,MDRM-12---,MENST12C--,MMACS11---,MMACS12---,MPREC12---,MTAUT12---,YCPA-2AXE-
1257,MCTWR11---,MPREC11---,YLAW-2CX--,YPSYC1AX--
1258,MADER09---,MEN--09C--,MMA--09C--,MPHE-09--L,MSC--09C--,MSP--09---,MSS--09C--,XBA--09C-L,XLDCB09S-L
1259,MADEM10---,MADER09---,MADIT09---,MEN--09C--,MMA--09C--,MPHE-09B--,MSC--09C--,MSS--09C--
1260,MAE--09---,MEN--09---,MMA--09---,MPHE-09--L,MPHE-09Y--,MSC--09---,MSS--09---,XBA--09C-L,XBA--09J-L,XC---09--L
1261,MACLV11---,MCLE-10---,MCTWR11---,MFOOD11---,MPH--11---,MPREC11---,MTAUT11---,MWH--12---
1262,MCH--11---,MCH--12---,MENFP12--Y,MFOOD12---,MMACS11---,MPREC12---,YESFL1CX--,YLAW-2CX--
1263,MAC--11---,MEFWR10---,MFMP-10H--,MFR--12---,MPHED10G--,MSC--10---,MSS--10---,MTPOW10---
1264,MCLE-10--L,MDRM-11---,MFOOD11---,MLTST11---,MSC--10---,MWH--12---,MWPM-11---,YED--1DX-L
1265,MCLE-10---,MDNC-11--L,MDNCM11--L,MDNTP11---,MEVSC11---,MFOM-11---,MFR--11---,MIMG-12---,MINST12---,MLTST11---
1266,MCH--11---,MCLE-10--L,MENT-12---,MIMCB11--L,MIMJB11--L,MINST12C--,MLTST11C--,MMUOR11S-L,MPH--11---,MPREC11H--
1267,MADEM10---,MADER09---,MEN--09C--,MFR--12---,MMA--09C--,MPHE-09B--,MSC--09C--,MSS--09C--
1268,MCH--11---,MGMT-12L--,MINST12C--,MLTST11C--,MMACS12---,MPH--11---,MPREC11H--,MPREC12---,MSTAT12---,YCPA-1AX-L
1269,MADEM10---,MDNC-09F--,MEN--09---,MEN--09E--,MMA--09---,MPHE-09G--,MSC--09---,MSS--09---
1270,MADIT09---,MAE--09---,MEN--09---,MMA--09H--,MPHE-09G--,MSC--09---,MSP--09---,MSS--09---
1271,MADD-09---,MADFS09---,MEN--09---,MMA--09---,MPHE-09G--,MSC--09---,MSP--09---,MSS--09---
1272,MADEM10---,MADER09---,MADFS09---,MEN--09E--,MMA--09---,MPHE-09B--,MSC--09---,MSS--09---
1273,MADEM10---,MEN--09---,MMA--09---,MPHE-09B--,MSC--09---,MSP--09---,MSS--09---,XLDCB09M--
1274,ACAL-12---,MACC-12---,MACLV12---,MATPH12---,MCH--11---,MENFP12---,MPH--12---,MPREC12---
1275,AELC-12---,MATPH12---,MCH--12---,MINST12---,MLTST12---,MPH--11---,MPREC12---,MSTAT12---,YCPA-2AX-L
1276,MCMPS10---,MFMP-10---,MMACS11---,MMEDD10---,MPHED10B--,MSC--10---,MSS--10---,MTDRF10---
1277,MEFWR10---,MFMP-10---,MFOOD10---,MPHED10G--,MSC--10---,MSP--10---,MSS--10---,YPA--0CX--
1278,MACLV12G--,MDNTP12---,MDRM-12---,MECOM12---,MENST12---,MENT-12---,MMAP-11---,MPREC12---
1279,MENFP12---,MFOOD12---,MLFSC11---,MLST-12---,MTAUT12---,MWWK-12---,YPA--2CX--
1280,MCH--11---,MCLE-10---,MFOM-11---,MINST12---,MLTST11---,MMAP-11---,MSP--11---,YPA--1CX--
1281,MACLV11G--,MCLE-10---,MCTWR11---,MDNCN11---,MEPSS11---,MFOM-11---,MIT--11---,MLFSC11---
1282,MADFS09---,MADIT09---,MADW-09---,MEN--09---,MMA--09---,MPHE-09---,MSC--09---,MSS--09---
1283,MEFWR10---,MFMP-10H--,MPHED10B--,MSC--10---,MSP--09---,MSS--10---,MTEAR10---,MTPOW10---
1284,MCH--11---,MCLE-10---,MCTWR11---,MLST-12---,MMACS11---,MMUOR11S-L,MPH--11---,MPREC11---,MPREC12---,YCPA-1AX-L
1285,MCH--11---,MCLE-10---,MCTWR11---,MFOOD11---,MLST-12---,MMEDD11---,MMUOR11S-L,MPREC11---,MVAST11---
1286,MADEM10---,MCMPS10C--,MFMP-10C--,MMACS11---,MPHED10B--,MSC--10C--,MSS--10C--,MVAST10---
1287,MACLV12---,MECOM12---,MENST12---,MENT-12---,MINST12---,MLFSC11---,MPREC12---,MTAUT12---
1288,MCMPR11W--,MCMPS10---,MDMD-12D--,MFMP-10---,MMACS11---,MPHED10---,MSC--10---,MSS--10---
1289,MACLV12---,MCMCL12---,MDRM-12---,MENST12---,MFOOD12---,MINST12---,MODED12---,MPREC12---
1290,MAC--11---,MCMPS10C--,MFMP-10C--,MFR--12---,MIDS-0C---,MMACS11---,MPHED10G--,MSC--10C--,MSS--10C--
1291,MADIT09---,MADW-09---,MEN--09---,MMA--09H--,MPHE-09B--,MSC--09---,MSS--09---,XLDCB09M--
1292,MCALC12---,MCH--12---,MCMCL12---,MENFP12---,MPH--12---,MPREC12---,YED--2CX--
1293,MADEM10---,MADGE09I--,MADIT09---,MEN--09E--,MPHE-09G--,MSC--09---,MSS--09---,XLDCE09NM-
1294,MATPH12---,MCH--11---,MENST12C--,MEVSC12C--,MFR--12---,MLFSC11---,MPREC12---,MWH--12---,YCPA-2AXE-
1295,ACAL-12---,ACSC-2A---,APHM-12---,MCH--12---,MENFP12---,MENT-12---,MLST-12---,MMUOR12S-L,MWH--12---
1296,ACAL-12---,MCH--12---,MCLE-10---,MEPSS11---,MINST12---,MLTST11---,MPH--11---,MPREC12H--,YCPA-1AX-L
1297,MCH--11---,MCLE-10---,MGMT-12L--,MINST12C--,MLTST11C--,MMACS12---,MPH--11---,MPREC11H--,MSTAT12---,YED--1EX-L
1298,MADEM10---,MAE--09---,MEN--09C--,MFR--09---,MMA--09C--,MPHE-09---,MSC--09C--,MSS--09C--,XLDCB09S-L
1299,MATPH12---,MCH--11---,MCH--12---,MCMCL12---,MENST12---,MINST12---,MSP--12---,YCPA-2AXE-,YED--2FX-L,YPSYC1AX--
1300,MATPH12---,MCLC-12---,MENFP12---,MFOM-11---
1301,MCLE-10---,MCMPR12W--,MCTWR11---,MEVSC11---,MFOM-11---,MFOOD11---,MINST12---,MMACS11---
1302,MCALC12---,MCH--12---,MDRM-12---,MENFP12---,MIMG-12---,MLFSC11---,MPH--12---,MTDRF12---
1303,MDRM-10---,MEFWR10---,MFMP-10---,MIMG-12---,MPHED10---,MSC--10---,MSP--10---,MSS--10---
1304,MCH--11---,MCMCC11--L,MDMD-12D--,MGRPR11--L,MINST12C--,MLTST11C--,MPH--11---,MPREC11---,MTDRF11---,YCPA-1AXE-
1305,MADEM10---,MCMPS10---,MFMP-10---,MPHED10B--,MSC--10---,MSP--10---,MSS--10---,MTPOW10---
1306,MCLE-10---,MENT-12---,MEVSC11---,MFOM-11---,MINST12---,MLTST11---,MSP--11---,YLAW-2CX--
1307,MENT-12---,MFOOD12---,MFR--12---,MVAST12---
1308,MEFWR10---,MFMP-10H--,MFOOD10---,MMUCB10--L,MMUJB10--L,MPHED10--L,MSC--10---,MSS--10---,MTEXP10D--
1309,MCH--11---,MCLE-10---,MCTWR11---,MLST-12---,MMACS11---,MMUOR11S-L,MPH--11---,MPREC11---,MPREC12---,YCPA-1AX-L
1310,MADEM10---,MADGE09I--,MEN--09---,MMA--09---,MPHE-09B--,MSC--09---,MSS--09---,XLDCB09M--
1311,MADD-09---,MADW-09---,MEN--09---,MPHE-09B--,MSC--09---,MSS--09---,XLDCB09M--,XLDCE09NM-
1312,MADGE09D--,MDNC-09C-L,MDNC-09M-L,MDNC-09PT-,MEN--09---,MFR--12---,MMA--09---,MPHE-09G--,MSC--09---,MSS--09---
1313,MADD-09---,MADW-09---,MEN--09---,MMA--09---,MPHE-09B--,MSC--09---,MSS--09---,XLDCB09M--
1314,MACC-12---,MATPH12---,MCALC12---,MCH--12---,MDNC-12--L,MDNCM12--L,MENFP12---,MENT-12---,MPREC12H--,YCPA-2AX-L,YED--2FX-L,YLAW-2CX--
1315,MAC--11---,MCH--11---,MCLE-10--L,MEPSS11---,MIMCB11--L,MLTST11---,MPREC11---,MPREC12---,YCPA-1AX-L
1316,MACLV12---,MDMD-12D--,MENFP12---,MFOOD12---,MMACS12---,MMEDD12---,MPH--11---,MPREC12---,YCPA-2AXE-
1317,MACLV11---,MCLE-10---,MCMPR12W--,MCTWR11---,MEPSS11---,MEVSC11---,MPREC11---,MTAUT11---
1318,MDRM-12---,MENST12---,MEVSC12C--,MFOOD12---,MINST12---,MLST-12---,MODED12---,YED--2DX-L
1319,MDNC-10--L,MDNCM10--L,MDNTP10---,MEFWR10---,MFMP-10---,MMAP-11---,MPHED10G--,MSC--10---,MSP--10---,MSS--10---
1320,MCMPR11W--,MCMPS10C--,MFMP-10C--,MFR--12---,MMACS11---,MPHED10G--,MSC--10C--,MSS--10C--,YCPA-0AXE-
1321,MCMPS10C--,MFMP-10C--,MFR--10---,MGMT-12L--,MMACS11---,MPHED10---,MSC--10C--,MSS--10C--,MTDRF10---,YCPA-0AXE-
1322,MAC--11---,MDNC-10--L,MDNCM10--L,MEFWR10---,MFMP-10H--,MMUCB10--L,MPHED10--L,MSC--10---,MSS--10---,MTPOW10---
1323,MADER09---,MADIT09---,MEN--09C--,MFR--09---,MMA--09C--,MPHE-09B--,MSC--09C--,MSS--09C--
1324,MDCF-10---,MDNCM10--L,MDRM-10---,MEFWR10---,MFMP-10---,MPHED10G--,MSC--10---,MSP--10---,MSS--10---
1325,MATPH12---,MCH--12---,MENFP12---,MPH--11---,MPREC12---,MVAPH12---,MWH--12---,YCPA-2AX-L
1326,MCH--11---,MCLE-10---,MFR--11---,MINST12---,MLFSC11---,MLTST11---,MPH--11---,MPREC11H--,YCPA-1AXE-
1327,MAC--11---,MADEM10---,MCMPS10---,MFMP-10---,MPHED10---,MSC--10---,MSP--10---,MSS--10---
1328,MATPH12---,MCH--11---,MCLC-12---,MPH--11---
1329,ACAL-12---,AELC-12---,APHM-12---,MATPH12---,MEVSC12C--,MINST12C--,MLTST12---,MPREC12H--,YCPA-2AX-L,YED--2DX-L,YED--2FX-L
1330,ACAL-12---,APHM-12---,MACLV12---,MCH--12---,MENFP12---,MMACS12---,MPREC12H--,MTAUT12---,YCPA-2AX-L
1331,MATPH12---,MCALC12---,MCH--12---,MENST12C--,MIMJB12--L,MMACS12---,MPH--12---,MPREC12---,YCPA-2AXE-,YED--2FX-L,YMIS-1DD--
1332,MADER09---,MEN--09---,MMA--09---,MPHE-09B--,MSC--09---,MSP--09---,MSS--09---,XLDCB09M--
1333,MADFS09---,MDR--09---,MEN--09---,MFR--11---,MMA--09---,MPHE-09B--,MSC--09---,MSS--09---
1334,MAC--11---,MCH--11---,MCLE-10---,MCMPS11---,MEPSS11---,MIMG-12---,MPREC11---,YPSYC1AX--
1335,MCH--11---,MCLE-10---,MINST12---,MLTST11---,MMACS11---,MPH--11---,MPREC11---,YCPA-1AXE-,YPSYC1AX--
1336,MCH--11---,MCLE-10--L,MGMT-12L--,MGRPR11--L,MIMCB11--L,MINST12C--,MLTST11C--,MMACS12---,MPH--11---,MPREC11H--
1337,ACAL-12---,ACSC-2A---,MATPH12---,MCH--12---,MENST12C--,MLST-12---,MPH--12---,MPREC12H--,YCPA-2AXE-
1338,MCH--11---,MCLE-10--L,MGMT-12L--,MIMCB11--L,MIMJB11--L,MINST12C--,MLTST11C--,MMACS12---,MMUOR11S-L,MPH--11---,MPREC11H--
1339,MADD-09---,MADEM10---,MADFS09---,MEN--09C--,MMA--09C--,MPHE-09---,MSC--09C--,MSS--09C--,XLDCB09S-L
1340,MADD-09---,MADIT09---,MEN--09---,MMA--09---,MPHE-09--L,MSC--09---,MSS--09---,XBA--09C-L,XBA--09J-L,XLDCB09S-L
1341,MCH--11---,MCLE-10---,MCMPS11---,MEPSS11---,MFOOD11---,MFR--10---,MPREC11---,MVAST11---
1342,MBIT-11,MCTWR11---,MEPSS11---,MEVSC11---,MFMP-10---,MFOM-11---,MFOOD11---,MODED11---
1343,ACAL-12---,APHM-12---,MCH--12---,MCMPR11W--,MECOM12---,MENFP12---,MMAP-11---,MWH--12---
1344,MADEM10---,MEFWR10---,MFMP-10H--,MFR--10---,MFR--11---,MPHED10G--,MSC--10---,MSS--10---,YED--0BX-L
1345,MSC--10---,MVAPH10---,MWWK-10---,YPR--0BX--
1346,MATPH12---,MCH--12---,MENFP12---,MPGEO12---,MPH--11---,MPREC11---,MPREC12---,YLAW-2CX--
1347,MADFS09---,MADW-09---,MEN--09---,MMA--09---,MPHE-09B--,MSC--09---,MSS--09---
1348,MCMPS11---,MEPSS11---,MEVSC11---,MFOOD11---,MPREC11---,MTAUT11---,YLAW-2CX--,YPSYC1AX--
1349,MCMPS10C--,MFMP-10C--,MFR--12---,MMACS11---,MMUCB10--L,MMUJB10--L,MPHED10--L,MSC--10C--,MSS--10C--
1350,MCMCL12---,MCMPS11---,MEPSS11---,MLFSC11---,MMAP-11---,MPREC11---,MSP--11---,MWH--12---
1351,MCMPS11---,MDNTP11---,MEPSS11---,MLFSC11---,MPH--11---,MPREC11---,MTDRF11---,MVAPH11---
1352,MADFS09---,MADIT09---,MDNC-09F--,MEN--09---,MMA--09---,MPHE-09G--,MSC--09---,MSS--09---
1353,MADFS09---,MADIT09---,MEN--09C--,MFR--09---,MMA--09C--,MPHE-09B--,MSC--09C--,MSS--09C--
1354,ACSC-2A---,MCALC12---,MCH--12---,MENFP12---,MENT-12---,MEPSS11---,MPH--12---,MPREC12H--,YED--2DX-L
1355,MDRM-11---,MLFSC11---,MPREC11---,MVAST11---
1356,AELC-12---,MCH--12---,MDNCN12---,MLTST12---,MPREC12---,MSTX-2A---,MWEX-2A--L,YCPA-2AXE-,YED--2FX-L,YLAW-2CX--,YPSYC1AX--
1357,MCLE-10---,MCTWR11---,MINST12---,MIT--11---,MPH--11---,MPREC11H--,MVAST11---,YLAW-2CX--
1358,MCMPS11---,MEPSS11---,MPREC11---,MVAPH11---
1359,MCALC12---,MCH--11---,MENFP12--Y,MEVSC12C--,MPH--11---,MPH--12---,MPREC12---
1360,ACSC-2A---,MCH--11---,MGMT-12L--,MINST12C--,MLTST11C--,MMACS12---,MPH--11---,MPREC11H--,MSTAT12---,YED--1EX-L
1361,MCH--11---,MCLE-10---,MINST12C--,MIT--11---,MLFSC11---,MLTST11C--,MPH--11---,MPREC11---
1362,MADIT09---,MEN--09C--,MFR--11---,MMA--09C--,MPHE-09--L,MSC--09C--,MSS--09C--,XBA--09C-L,XBA--09J-L,XLDCB09S-L
1363,MATPH12---,MCALC12---,MECOM12---,MENST12---,MENT-12---,MINST12---,MPREC12---
1364,MBIT-11,MCH--11---,MCLE-10---,MEPSS11---,MLFSC11---,MLTST11---,MPREC11---,YPSYC1AX--
1365,MCH--11---,MCLE-10--L,MCTWR11---,MGRPR11--L,MIMCB11--L,MLST-12---,MMACS11---,MPH--11---,MPREC11---,YCPA-1AX-L
1366,MCLC-12---,MCMCL12---,MENFP12---,MPH--11---
1367,MCMCL12---,MENST12---,MFOOD12---,MINST12---,MPGEO12---,MWH--12---
1368,MACLV11---,MCLE-10---,MCMPS11---,MFOM-11---,MLFSC11---,MWH--12---,YLAW-2CX--,YPSYC1AX--
1369,MCMPS11---,MLFSC11---,MPREC11---,YPSYC1AX--
1370,MENST12---,MENT-12---,MPH--12---,MPREC12---
1371,MADEM10---,MADER09---,MADIT09---,MEN--09---,MMA--09H--,MPHE-09B--,MSC--09---,MSS--09---
1372,MATPH12---,MCH--12---,MCMCL12---,MENFP12---,MEVSC12C--,MLST-12---,MPH--11---,MPREC12---,YCPA-2AX-L
1373,MBIT-11,MCLE-10---,MCMCL12---,MDNC-11--L,MDNCM11--L,MEVSC12C--,MLTST11---,MWEX-2A--L,MWPM-11---,YLAW-2CX--,YPA--1CX--
1374,MEFWR10---,MFMP-10---,MFOOD10---,MFR--10---,MMUOR10S-L,MPHED10G--,MSC--10---,MSS--10---,MWWK-10---
1375,MADER09---,MADFS09---,MADIT09---,MEN--09---,MMA--09---,MPHE-09B--,MSC--09---,MSS--09---
1376,MAC--11---,MEFWR10---,MFMP-10---,MFR--12---,MPHED10G--,MSC--10---,MSS--10---,MTPOW10---,YCPA-0AX-L
1377,MADD-09---,MADFS09---,MAE--09---,MEN--09---,MMA--09H--,MPHE-09G--,MSC--09---,MSS--09---
1378,MADD-09---,MADIT09---,MEN--09---,MMA--09H--,MPHE-09B--,MSC--09---,MSS--09---,XLDCB09M--
1379,MATPH12---,MCH--11---,MCLE-10---,MINST12---,MLTST11---,MMUOR11S-L,MPH--11---,MPREC11H--,MPREC12---,YCPA-1AX-L,YCPA-1AXE-
1380,ACAL-12---,ACSC-2A---,AELC-12---,MATPH12---,MCH--12---,MIMJB12--L,MLTST12---,MPREC12H--,MSTAT12---,YCPA-2AXE-,YED--2FX-L
1381,AELC-12---,MFR--10---,MFR--11---,MINST12---,MLTST12---,MMUOR12S-L,MPREC12---,MWH--12---,YCPA-2AX-L,YCPA-2AXE-,YED--2FX-L,YPSYC1AX--
1382,ACAL-12---,APHM-12---,MCH--12---,MENST12C--,MGMT-12L--,MIMCB12--L,MIMJB12--L,MMACS12---,MPREC12H--,MSTAT12---
1383,MCMPS10---,MCSTU10---,MFMP-10H--,MPHED10B--,MSC--10---,MSS--10---,MTPOW10---,YPR--0BX--
1384,MADD-09---,MAE--09---,MEN--09C--,MIMG-12---,MMA--09C--,MPHE-09---,MSC--09C--,MSS--09C--
1385,MADFS09---,MEN--09---,MPHE-09B-L,MSC--09---,MSS--09---,XBA--09C-L,XBA--09G--,XBA--09J-L,XLDCE09NM-
1386,MCMPS11---,MFR--11---,MLFSC11---,MPREC11---
1387,MCH--11---,MCLE-10---,MCMPR12W--,MGMT-12L--,MINST12C--,MLTST11C--,MMACS12---,MMUOR11S-L,MPH--11---,MPREC11H--,YCPA-1AX-L
1388,MADER09---,MEN--09C--,MMA--09C--,MPHE-09--L,MSC--09C--,MSP--09---,MSS--09C--,XBA--09C-L,XBA--09J-L
1389,MCMPS10C--,MFMP-10C--,MFR--12---,MMACS11---,MPHED10---,MSC--10C--,MSS--10C--,MTDRF10---
1390,MACC-12---,MATPH12---,MCH--12---,MENFP12---,MPH--12---,MSTAT12---,MWH--12---,YCPA-2AX-L,YLAW-2CX--
1391,MCH--11---,MGRPR11--L,MINST12---,MLTST11---,MPH--11---,MPREC11---,MPREC12---,YCPA-1AX-L,YLAW-2CX--,YPSYC1AX--
1392,MCH--11---,MCLE-10---,MCMPS11---,MINST12---,MPH--11---,MPREC11---,MTDRF11---,MWH--12---
1393,MCALC12---,MENST12---,MGMT-12L--,MINST12---,MPH--12---,MTAUT12---,MTEAD12---,MTROB12---
1394,ACAL-12---,APHM-12---,MCH--12---,MENST12C--,MEVSC12C--,MFR--11---,MGMT-12L--,MPREC12H--,MSTAT12---
1395,MCH--11---,MCLE-10---,MCMPS11---,MLST-12---,MPH--11---,MPREC11---,MSP--11---,YLAW-2CX--
1396,MCH--11---,MCLE-10---,MCTWR11---,MEPSS11---,MFOM-11---,MFOOD11---,MTAUT11---,YLAW-2CX--
1397,MADGE09D--,MADW-09---,MEN--09---,MPHE-09B--,MSC--09---,MSS--09---,XLDCB09M--,XLDCE09NM-
1398,MACLV11---,MCLE-10--L,MCTWR11---,MEPSS11---,MEVSC11---,MTAUT11---,MWPM-11---,YED--1DX-L
1399,MCALC12---,MCH--12---,MENFP12--Y,MGMT-12L--,MPGEO12---,MPH--12---,MPREC12---,MWH--12---
1400,MATPH12---,MCLC-12---,MENST12---,MINST12---,MWH--12---
1401,MCLE-10---,MCMCL12---,MCMPS11---,MEVSC11---,MFOM-11---,MGRPR11--L,MMEDD12---,MSS--10---,MVAST12---,YCPA-1AX-L
1402,ACSC-2A---,MCLE-10---,MGRPR11--L,MINST12C--,MLTST11C--,MMACS12---,MPH--11---,MPREC11H--,MSTAT12---
1403,MCMPS10---,MDRM-10---,MIDS-0C---,MMA--09---,MMEDD10---,MPHED10---,MSC--10---,MSS--10---,MVAST10---
1404,MADIT09---,MAE--09---,MEN--09---,MFR--09---,MMA--09H--,MPHE-09G--,MSC--09---,MSS--09---
1405,ACSC-2A---,AELC-12---,APHM-12---,MCH--11---,MLTST12---,MMACS12---,MPREC12H--,MWEX-2A--L,YCPA-2AX-L,YLAW-2CX--
1406,ACAL-12---,ACSC-2A---,MDMD-12D--,MENFP12---,MFOOD12---,MPH--12---,MPREC12H--,YPSYC1AX--
1407,MADGE09D--,MAE--09---,MEN--09E--,MMA--09---,MPHE-09G-L,MSC--09---,MSS--09---,XBA--09B-L
1408,MDMD-12D--,MEFWR10---,MFMP-10H--,MMACS11---,MPHED10---,MSC--10---,MSS--10---,MWBDV10IT-
1409,MADEM10---,MFOOD10---,MPREC11---,MSC--10---,MSPLG10--L,MSS--10---,MVAST10---,YESFL0AX-L
1410,MADGE09I--,MADW-09---,MEN--09---,MIMG-12---,MMA--09---,MPHE-09B--,MSC--09---,MSS--09---
1411,MADFS09---,MADIT09---,MEN--09---,MEN--09E--,MMA--09---,MPHE-09G--,MSC--09---,MSS--09---
1412,MEFWR10---,MFMP-10---,MFOOD10---,MFR--11---,MMUCB10--L,MMUCC10--L,MPHED10--L,MSC--10---,MSS--10---,YCPA-0AX-L
1413,MCMPS11---,MEPSS11---,MFOM-11---,MLFSC11---
1414,MADEM10---,MCMPS10---,MFMP-10---,MPHED10B--,MSC--10---,MSS--10---,MTDRF10---,MWWK-10---
1415,MCMPS10---,MFMP-10H--,MMUCB10--L,MMUJB10--L,MPHED10--L,MSC--10---,MSP--10---,MSS--10---,MVAPH10---
1416,MCMPS11---,MENFP12---,MFMP-10---,MFOOD12---,MLFSC11---,MPGEO12---,MPREC11---,MTDRF12---,YED--2FX-L
1417,MCH--12---,MENST12---,MFOOD12---,MINST12---,MPREC12---,MTROB12---,YLAW-2CX--,YPSYC1AX--
1418,MDCF-10---,MEFWR10---,MFOOD10---,MPHED10G--,MSC--10---,MSS--10---,MWPM-10---,YED--0AX--
1419,AELC-12---,MATPH12---,MENT-12---,MFOOD12---,MLST-12---,MLTST12---,MPREC12---,YLAW-2CX--,YPA--2CX--
1420,MENFP12---,MFOOD12---,MLST-12---,MODED12---,MPREC12---,MTDRF12---,MVAST12---,YMIS-2DD--
1421,AELC-12---,MECOM12---,MENT-12---,MINST12---,MLST-12---,MLTST12---,MSTAT12---,YLAW-2CX--
1422,MCH--11---,MCTWR11---,MMACS12---,MPH--11---,MPREC11H--,MWH--12---
1423,MCLE-10---,MCTWR11---,MDCF-11---,MDNC-11--L,MDNCM11--L,MDNTP11---,MEPSS11---,MEVSC11---,MFOM-11---,MWH--12---,YCPA-1AXE-
1424,MCALC12---,MECOM12---,MENFP12---,MENT-12---,MPH--12---,MPREC12---,MSP--12---,MSTAT12---
1425,MENFP12---,MIMCB12--L,MIMJB12--L,MPH--11---,MPREC12---,MTAUT11---,MTAUT12---,MTDRF11---,MTDRF12---,YED--2FX-L
1426,MAE--09---,MEN--09---,MMA--09---,MSC--09---
1427,MCMPS10---,MFMP-10---,MFOOD10---,MPHED10G--,MSC--10---,MSS--10---,MVAST10---,XBA--09G--
1428,MADEM10---,MCMPS10---,MFMP-10---,MFOOD10---,MFR--10---,MPHED10B--,MSC--10---,MSS--10---
1429,MCH--11---,MCLE-10---,MCTWR11---,MLST-12---,MPH--11---,MPREC11---,MTAUT11---,YMIS-1DD--
1430,MACLV12---,MATPH12---,MCALC12---,MCH--12---,MENFP12---,MPH--12---,MPREC12---,YED--2FX-L,YPSYC1AX--
1431,MCMPS10---,MFMP-10---,MFOOD10---,MPHED10G--,MSC--10---,MSP--10---,MSS--10---,MTPOW10---
1432,MACLV12---,MCALC12---,MCH--12---,MECOM12---,MENFP12---,MFOOD12---,MPH--12---,MPREC12---
1433,MADFS09---,MEN--09---,MFR--09---,MMA--09---,MPHE-09--L,MSC--09---,MSS--09---,XBA--09C-L
1434,MATPH12---,MDRM-12---,MENFP12---,MMACS12---,MODED12---,MSTX-2AI--,YLAW-2CX--
1435,MACLV11G--,MCH--11---,MCMPS11---,MDCF-11---,MDRM-11---,MFOOD11---,MODED11---,MVAPH11---
1436,MADEM10---,MCMPS10C--,MFMP-10C--,MFOOD10---,MPHED10G--,MSC--10C--,MSS--10C--,YPA--0CX--
1437,MADEM10---,MDNC-09C-L,MDNC-09M-L,MDNC-09PT-,MEN--09---,MMA--09---,MPHE-09G--,MSC--09---,MSP--09---,MSS--09---
1438,MATPH12---,MCLC-12---,MECOM12---,MINST12---,MSTX-2A---
1439,MADFS09---,MEN--09---,MFR--11---,MMA--09---,MPHE-09G--,MPHE-09Y--,MSC--09---,MSS--09---
1440,MEN--09---,MFR--09---,MMA--09H--,MPHE-09--L,MSC--09---,MSS--09---,XBA--09C-L
1441,MCH--12---,MFOOD11---,MFOOD11---,MFR--09---,MLTST11---,MPH--11---,MPREC12---,XBA--09G--
1442,MATPH12---,MCH--12---,MENST12---,MLST-12---,MPH--12---,MPREC12---,YLAW-2CX--,YPSYC1AX--
1443,MACC-12---,MATPH12---,MCH--12---,MECOM12---,MENFP12---,MENT-12---,MLST-12---,MMUOR12S-L,MPREC12---
1444,MATPH12---,MCH--12---,MENFP12---,MEVSC12C--,MPH--12---,MPREC12---,MWH--12---,YLAW-2CX--
1445,MCH--11---,MCLE-10--L,MIMCB11--L,MIMJB11--L,MINST12C--,MLFSC11---,MLTST11C--,MPH--11---,MPREC11---,YCPA-1AXE-
1446,MATPH12---,MCMCC12--L,MCMCL12---,MENFP12---,MFOM-11---,MSP--11---,MVAPH11---
1447,MADFS09---,MADGE09D--,MEN--09---,MMA--09---,MPHE-09B--,MSC--09---,MSS--09---,XLDCB09M--
1448,MENST12---,MINST12---,MLST-12---,MWEX-2A--L,MWEX-2B--L,YED--2CX--
1449,MCH--11---,MCLE-10---,MCMPR11W--,MCMPS11---,MEPSS11---,MFOM-11---,MMEDD11---,MVAPH11---
1450,MCMPS10---,MDCF-10---,MDRM-10---,MFMP-10---,MPHED10G--,MSC--10---,MSS--10---,XBA--09G--
1451,MCLE-10---,MCMCL12---,MDCF-12---,MENFP12--Y,MLST-12---,MPREC12---,MTDRF12---,YESFL1CX--
1452,MBIT-11,MCMPR11W--,MCMPS10C--,MFMP-10C--,MMACS11---,MPHED10B--,MSC--10C--,MSS--10C--
1453,MADFS09---,MADW-09---,MEN--09---,MFR--09---,MMA--09---,MPHE-09B--,MSC--09---,MSS--09---
1454,MATPH12---,MENST12---,MIMG-12---,MLST-12---,MPGEO12---,MPREC12---,MWH--12---,YPSYC1AX--
1455,MCMPS10---,MFR--10---,MSP--10---,MSS--10---
1456,MACLV11---,MCTWR11---,MEPSS11---,MEVSC11---,MMAP-11---,MPREC11---,MSP--11---,MTAUT11---
1457,MATPH12---,MENST12---,MFOOD12---,MINST12---,MPGEO12---,MWH--12---,YED--2CX--,YLAW-2CX--
1458,MADGE09D--,MAE--09---,MEN--09---,MMA--09---,MPHE-09G-L,MSC--09---,MSS--09---,XBA--09C-L,XBA--09J-L
1459,MCH--11---,MCLE-10--L,MCMPS11---,MEPSS11---,MMAP-11---,MWPM-11---,YED--1DX-L,YPSYC1AX--
1460,MCH--11---,MCLE-10--L,MEPSS11---,MFOM-11---,MLTST11---,MTAUT11---,MVAPH11---,YED--1DX-L
1461,MAC--11---,MACLV12---,MECOM12---,MENFP12---,MEVSC12C--,MFOOD12---,MLST-12---,MPREC12---
1462,MADFS09---,MDNC-09C-L,MDNC-09M-L,MDNC-09PT-,MEN--09---,MMA--09H--,MPHE-09G--,MSC--09---,MSP--09---,MSS--09---
1463,MDNC-11--L,MDNCM11--L,MDNTP11---,MEVSC12C--,MFOM-11---,MLST-12---
1464,MEFWR10---,MFMP-10---,MFOOD10---,MPHED10B--,MSC--10---,MSP--10---,MSS--10---,MTDRF10---
1465,MCH--12---,MENFP12--Y,MENT-12---,MPREC12---,MVAST12---,MWH--12---,MWWK-12---
1466,MENFP12---,MEVSC12C--,MFOOD12---,MODED12---,MTAUT11---,MTAUT12---,YCPA-2AX-L,YED--2CX--,YED--2CX--
1467,MADIT09---,MEN--09---,MFR--11---,MMA--09H--,MPHE-09--L,MSC--09---,MSS--09---,XBA--09C-L,XBA--09J-L,XLDCB09S-L
1468,MCH--11---,MCLE-10--L,MFOM-11---,MLST-12---,MLTST11---,MMAP-11---,YED--1DX-L,YPSYC1AX--
1469,MADD-09---,MAE--09---,MEN--09---,MMA--09---,MPHE-09--L,MSC--09---,MSS--09---,XBA--09C-L,XBA--09J-L
1470,MCH--11---,MINST12---,MLFSC11---,MLTST11---,MMAP-11---,MPREC11---,MSP--11---,YLAW-2CX--
1471,MCLE-10---,MEFWR10---,MFMP-10H--,MFOOD10---,MMACS11---,MPHED10G--,MSC--10---,MSS--10---,YCPA-0AX-L
1472,MCSTU10---,MEFWR10---,MFMP-10---,MMEDD10---,MPHED10---,MSC--10---,MSS--10---,MTDRF10---
1473,MFMP-10---,MFOOD10---,MPHED10---,MSC--10---,MSPLG10--L,MSS--10---,MTEAR10---,MWWK-10---,YESFL0AX-L
1474,MBIT-11,MEFWR10---,MFMP-10---,MIDS-0B---,MMEDD10---,MPHED10G--,MSC--10---,MSS--10---
1475,MATPH12---,MENFP12---,MIMCB12--L,MIMJB12--L,MLST-12---,MTAUT12---,MWH--12---,YPSYC1AX--
1476,MCMPS10C--,MFMP-10C--,MFR--11---,MMUCB10--L,MMUJB10--L,MPHED10--L,MSC--10C--,MSS--10C--,MTPOW10---
1477,MATPH12---,MCH--12---,MENST12C--,MFR--11---,MPREC12---,YLAW-2CX--,YPA--2CX--,YPSYC1AX--
1478,MAE--09---,MEN--09---,MFR--12---,MMA--09---,MPHE-09--L,MSC--09---,MSS--09---,XBA--09C-L,XBA--09J-L,XC---09--L
1479,ACSC-2A---,AELC-12---,MATPH12---,MCH--12---,MFR--12---,MLTST12---,MPH--12---,MPREC12---,YCPA-2AXE-
1480,MADFS09---,MADIT09---,MEN--09---,MMA--09---,MPHE-09B--,MSC--09---,MSP--09---,MSS--09---
1481,MCH--11---,MCLE-10---,MINST12C--,MLST-12---,MLTST11C--,MMACS12---,MPH--11---,MPREC11---
1482,MADD-09---,MADIT09---,MEN--09C--,MMA--09C--,MPHE-09B--,MSC--09C--,MSS--09C--,XLDCB09M--,XLDCB09S-L
1483,MCH--11---,MCLE-10---,MCTWR11---,MLST-12---,MPH--11---,MPREC11---,YCPA-1AX-L,YLAW-2CX--,YPSYC1AX--
1484,MCMPS11---,MFOOD11---,MMAP-11---,MPREC12---,MSP--11---,YLAW-2CX--,YPA--1CX--,YPSYC1AX--
1485,MCLE-10---,MDNCN11---,MENT-12---,MEVSC11---,MFOM-11---,MLST-12---,MLTST11---,MWEX-2A--L,YLAW-2CX--
1486,MADW-09---,MEN--09---,MFR--12---,MMA--09---,MPHE-09--L,MSC--09---,MSS--09---,XBA--09C-L
1487,MADFS09---,MEN--09---,MMA--09---,MPHE-09B-L,MSC--09---,MSP--09---,MSS--09---,XBA--09C-L
1488,MADEM10---,MADER09---,MADIT09---,MEN--09E--,MMA--09---,MPHE-09B--,MSC--09---,MSS--09---
1489,MADEM10---,MDNC-10--L,MDNCM10--L,MDNTP10---,MEFWR10---,MFMP-10---,MPHED10G--,MSC--10---,MSP--10---,MSS--10---
1490,MCMPS10C--,MFMP-10C--,MFOOD10---,MFR--11---,MIDS-0C---,MMEDD10---,MMUCC10--L,MPHED10---,MSC--10C--,MSS--10C--
1491,MCALC12---,MCH--11---,MCH--12---,MENFP12---,MIT--11---,MPGEO12---,MPH--12---,MPREC12---
1492,MADER09---,MADIT09---,MADW-09---,MEN--09---,MMA--09---,MPHE-09B--,MSC--09---,MSS--09---
1493,MCMPS10---,MFMP-10---,MIMG-12---,MMAP-11---,MPHED10---,MSC--10---,MSS--10---,MVAST10---
1494,MACLV12G--,MCH--11---,MCH--12---,MCLE-10---,MENFP12--Y,MGMT-12L--,MMACS11---,MPREC12---
1495,MAC--11---,MACLV11G--,MCLE-10---,MLFSC11---,MLTST11---,MPH--11---,MPREC11---,MSS--10---
1496,ACAL-12---,MCALC12---,MENFP12---,MGRPR12--L,MMACS12---,MMEDD12---,MPH--12---,MSTAT12---,XBA--09G--,YED--2DX-L
1497,MADER09---,MADW-09---,MEN--09---,MMA--09H--,MPHE-09--L,MSC--09---,MSS--09---,XBA--09C-L
1498,AELC-12---,MDRM-12---,MINST12---,MLTST12---,XBA--09G--,YED--2CX--,YED--2FX-L,YLAW-2CX--
1499,MCMPS10C--,MFMP-10C--,MIDS-0C---,MMUCB10--L,MPHED10--L,MSC--10C--,MSP--10---,MSS--10C--,MWBDV10IT-
1500,MCH--11---,MCLE-10---,MINST12---,MLFSC11---,MLTST11---,MMACS12---,MPH--11---,MPREC11H--
1501,MADD-09---,MADER09---,MADGE09D--,MEN--09---,MPHE-09B--,MSC--09---,MSS--09---,XLDCE09NM-
1502,MCH--11---,MCLE-10---,MFR--11---,MINST12---,MLFSC11---,MLTST11---,MPH--11---,MPREC11H--,YCPA-1AX-L
1503,MCH--11---,MCLE-10---,MCTWR11---,MEVSC11---,MINST12---,MLFSC11---,MPREC11---,YLAW-2CX--
1504,MATPH12---,MCH--12---,MCMCL12---,MDNC-12--L,MDNCM12--L,MENFP12---,MPH--11---,MPREC12---,MSP--11---,MSP--12---
1505,ACAL-12---,AELC-12---,MCH--11---,MGMT-12L--,MINST12---,MLTST12---,MMACS12---,MPH--12---,MSTAT12---,YED--2DX-L
1506,MCH--11---,MCLE-10---,MCMPS11---,MEPSS11---,MMACS12---,MPH--11---,MPREC11---,MSP--12---
1507,MADIT09---,MAE--09---,MEN--09---,MEN--09E--,MMA--09---,MPHE-09B--,MSC--09---,MSS--09---
1508,MCMPS10C--,MFMP-10C--,MMACS11---,MPHED10G--,MSC--10C--,MSP--10---,MSS--10C--,MVAPH10---,YCPA-0AXE-
1509,MADEM10---,MCMPS10---,MFMP-10---,MFOOD10---,MPHED10B--,MSC--10---,MSS--10---,YPR--0BX--
1510,MCLE-10--L,MCTWR11---,MECOM12---,MIMCB11--L,MINST12---,MPH--11---,MPREC11---,YCPA-1AXE-,YLAW-2CX--
1511,MATPH12---,MCH--12---,MENFP12---,MFOOD12---,MGRPR12--L,MLFSC11---,MPREC12---,YED--2FX-L,YLAW-2CX--,YPSYC1AX--
1512,MATPH12---,MCALC12---,MCH--12---,MENST12C--,MIMCB12--L,MIMJB12--L,MMACS11---,MPH--12---,MPREC12H--
1513,MENFP12---,MENT-12---,MEVSC12C--,MPGEO12---,MPREC12---,MSTAT12---,MTAUT12---,YPSYC1AX--
1514,MCMPS10C--,MFMP-10C--,MFOOD10---,MFR--10---,MMUCB10--L,MMUJB10--L,MPHED10--L,MSC--10C--,MSS--10C--
1515,MDR--09---,MEN--09---,MFR--09---,MIMG-12---,MMA--09---,MPHE-09G--,MSC--09---,MSS--09---,XC---09--L
1516,AELC-12---,MFR--12---,MGRPR12--L,MINST12---,MLST-12---,MLTST12---,MPREC12---,MWH--12---,YED--2FX-L,YLAW-2CX--
1517,MCH--11---,MCLE-10---,MCMCL12---,MCTWR11---,MLFSC11---,MMUOR11S-L,MPH--11---,MPREC11---,MTDRF11---
1518,MCMCL12---,MDCF-11---,MDNCM12--L,MENFP12--Y,MLST-12---,MODED12---,MPREC12---,YCPA-2AX-L,YED--2DX-L,YLAW-2CX--
1519,MCMPS10---,MDNTP10---,MDRM-10---,MFMP-10---,MFOOD10---,MPHED10G--,MSC--10---,MSS--10---
1520,MCH--11---,MCLE-10---,MCMPR11W--,MCMPR12W--,MCMPS11---,MGRPR11--L,MMACS12---,MMUOR11S-L,MPH--11---,MPREC11H--,YED--1EX-L
1521,MADIT09---,MEN--09---,MMA--09---,MPHE-09---,MSC--09---,MSP--09---,MSS--09---,XLDCB09M--
1522,MATPH12---,MENFP12---,MFOM-11---,MFR--12---,MIMJB12--L,MLST-12---,MTDRF12---,YLAW-2CX--,YMIS-2DD--
1523,MADER09---,MADIT09---,MEN--09---,MMA--09---,MPHE-09B--,MSC--09---,MSP--09---,MSS--09---
1524,ACSC-2A---,MACLV12---,MCALC12---,MCH--12---,MENFP12---,MFOOD12---,MPH--12---,MPREC12---,YED--2FX-L
1525,MCH--11---,MCLE-10---,MCMPS11---,MFOOD11---,MINST12---,MPH--11---,MPREC11H--,MSP--11---,YCPA-1AX-L,YCPA-1AXE-
1526,MAC--11---,MFMP-10---,MFOOD10---,MPHED10B--,MSC--10---,MSPLG10--L,MSS--10---,YESFL0AX-L
1527,MACLV12---,MENFP12---,MFOOD12---,MFR--12---,MMAP-11---,YED--2CX--,YLAW-2CX--,YPA--2CX--
1528,MCMPR11W--,MCMPS10---,MDRM-10---,MFMP-10---,MPHED10---,MSC--10---,MSS--10---,MTDRF10---
1529,MATPH12---,MENST12---,MFOM-11---,MINST12---,MTAUT11---,MTAUT12---,MVAPH12---,YED--2FX-L
1530,MCMPS10C--,MFMP-10C--,MMACS11---,MPHED10B--,MSC--10C--,MSP--10---,MSS--10C--,MTDRF10---
1531,MCMPS10C--,MFMP-10C--,MIDS-0C---,MPHED10B--,MSC--10C--,MSP--10---,MSS--10C--,MTPOW10---,MWBDV10IT-
1532,MCMPR11W--,MEVSC12C--,MPREC12---
1533,ACAL-12---,ACSC-2A---,MCH--12---,MCMCC12--L,MENST12C--,MGRPR12--L,MIMCB12--L,MMACS12---,MMUOR12S-L,MPH--12---,YCPA-2AXE-
1534,MCH--11---,MCLE-10---,MFOOD11---,MINST12C--,MLTST11C--,MMACS12---,MPH--11---,MPREC11---
1535,MCH--11---,MCLE-10---,MCMPS11---,MFMP-10---,MLST-12---,MPREC11---,YED--1DX--,YPSYC1AX--
1536,MEFWR10---,MFMP-10---,MMUCB10--L,MMUJB10--L,MPHED10B--,MSC--10---,MSS--10---,MWBDV10IT-,YED--0AX-L
1537,MDRM-10---,MEFWR10---,MFMP-10---,MMEDD10---,MPHED10---,MSC--10---,MSS--10---,MVAST10---
1538,MAC--11---,MCH--11---,MCLE-10---,MCMPS11---,MDMD-12D--,MGMT-12L--,MPH--11---,MPREC11H--,MWH--12---,YCPA-1AX-L
1539,MCH--11---,MCLE-10---,MINST12---,MIT--11---,MLFSC11---,MLTST11---,MMUOR11S-L,MPH--11---,MPREC11H--
1540,MATPH12---,MCH--12---,MENFP12---,MPGEO12---,MPH--11---,MPREC11---,YED--2CX--,YPSYC1AX--
1541,MEFWR10---,MFMP-10H--,MFR--09---,MPHED10B--,MSC--10---,MSS--10---,MTEAR10---,MWBDV10IT-
1542,MAC--11---,MCLC-12---,MENFP12---,MLST-12---,MPH--12---
1543,MADFS09---,MDNC-09F--,MEN--09---,MFR--12---,MMA--09---,MPHE-09G--,MSC--09---,MSS--09---,XC---09--L,XLDCB09S-L
1544,MCMPS10---,MFMP-10---,MFOOD10---,MPHED10---,MSC--10---,MSP--10---,MSS--10---,MTPOW10---
1545,MADGE09I--,MADW-09---,MEN--09---,MPHE-09B--,MSC--09---,MSS--09---,XLDCB09M--,XLDCE09NM-
1546,MENFP12---,MFOOD12---,MSTX-2A---,MSTX-2AI--,MTAUT12---,YED--2CX-L
1547,MENST12---,MEPSS11---,MPH--11---,MPREC11---
1548,MAC--11---,MBIT-11,MCMPS10C--,MDRM-11---,MFMP-10C--,MPHED10---,MSC--10C--,MSS--10C--
1549,MCMPS10C--,MFMP-10C--,MMUCB10--L,MPHED10--L,MSC--10C--,MSS--10C--,MTEAR10---,MWBDV10IT-,YCPA-0AX-L,YED--0BX-L
1550,MACLV11---,MCLE-10---,MCMPS11---,MEVSC11---,MPGEO12---,MSP--11---,MWPM-10---,MWPM-11---
1551,MCH--11---,MCLE-10---,MCMCL12---,MFOM-11---,MFR--11---,MINST12---,MLTST11---,MTAUT11---
1552,MADEM10---,MADFS09---,MEN--09---,MMA--09---,MPHE-09---,MSC--09---,MSS--09---
1553,MADEM10---,MDNCM10--L,MEFWR10---,MFMP-10H--,MMACS11---,MPHED10G--,MSC--10---,MSP--10---,MSS--10---,YCPA-0AX-L
1554,MCH--12---,MPH--12---,MPREC12---,MVAPH12---
1555,ACAL-12---,ACSC-2A---,MAC--11---,MACC-12---,MCALC12---,MENFP12---,MMACS12---,MPH--12---
1556,MACLV12---,MATPH12---,MCH--12---,MENST12---,MMACS12---,MPGEO12---,MPH--12---,MPREC12---
1557,MEFWR10---,MFMP-10---,MFOOD10---,MFR--10---,MMACS11---,MPHED10B--,MSC--10---,MSS--10---
1558,ACAL-12---,ACSC-2A---,MCH--12---,MENFP12---,MMACS12---,MTAUT12---,MTROB11---,MTROB12---,YED--2FX-L
1559,MCMPR11W--,MCMPS10C--,MFMP-10C--,MMACS11---,MPHED10B--,MSC--10C--,MSS--10C--,MTDRF10---
1560,MADIT09---,MAE--09---,MDR--09---,MEN--09---,MMA--09---,MPHE-09B--,MSC--09---,MSS--09---
1561,ACAL-12---,MATPH12---,MCH--12---,MENST12---,MEVSC12C--,MGMT-12L--,MPH--12---,MPREC12H--,MSTAT12---,YCPA-2AXE-,YED--2FX-L
1562,ACSC-2A---,MCH--12---,MENFP12--Y,MLST-12---,MMEDD11---,MPREC12---,YESFL1CX--,YPSYC1AX--
1563,ACSC-2A---,APHM-12---,MCALC12---,MCH--12---,MDMD-12D--,MENST12C--,MPREC12---,MTROB12---
1564,MFMP-10---,MMAP-11---,MPHED10G--,MSC--10---,MSPLG10--L,MSS--10---,MVAST10---,YESFL0AX-L
1565,MCH--11---,MFR--11---,MINST12---,MLTST11---,MPH--11---,MPREC11H--,MPREC12H--,MTAUT11---
1566,MADEM10---,MFMP-10---,MPHED10B--,MSC--10---,MSPLG10--L,MSS--10---,MVAST10---,YESFL0AX-L
1567,MDMD-12D--,MEFWR10---,MFMP-10H--,MMACS11---,MPHED10B--,MSC--10---,MSP--10---,MSS--10---
1568,ACAL-12---,APHM-12---,MCH--12---,MENFP12--Y,MFOOD12---,MGMT-12L--,MTDRF12---,YCPA-2AX-L,YESFL1CX--
1569,MCMCC12--L,MCMCL12---,MDRM-12---,MENFP12---,MEVSC12C--,MIMCB12--L,MIMG-12---,MODED12---,YED--2FX-L
1570,MADEM10---,MCMPS10---,MFMP-10---,MFOOD10---,MPHED10G--,MSC--10---,MSS--10---,MWWK-10---
1571,MACLV11---,MBIT-11,MCH--11---,MCLE-10---,MINST12C--,MLTST11C--,MPH--11---,MPREC11---
1572,MATPH12---,MCH--12---,MECOM12---,MENFP12---,MFOOD12---,MPREC12---,YED--2DX-L,YLAW-2CX--
1573,MCMPS10---,MFOOD10---,MFR--10---,MPREC11---
1574,MATPH12---,MCMPS11---,MENST12---,MFOM-11---,MINST12---,MLST-12---
1575,MCLE-10---,MCTWR11---,MENFP12---,MENT-12---,MLFSC11---,MLST-12---,MPREC12---,YPSYC1AX--
1576,MCH--11---,MCLE-10--L,MGRPR11--L,MIMCB11--L,MIMJB11--L,MINST12C--,MLTST11C--,MMACS12---,MPH--11---,MPREC11H--,YCPA-1AXE-
1577,MADD-09---,MADFS09---,MEN--09---,MMA--09---,MPHE-09B--,MSC--09---,MSS--09---,XLDCB09M--
1578,MCMPS10C--,MFMP-10C--,MFR--10---,MPHED10---,MSC--10C--,MSS--10C--,MTEAR10---,MWBDV10IT-
1579,MATPH12---,MCALC12---,MCH--12---,MENST12---,MINST12---,MPREC12---,MTAUT12---
1580,MAC--11---,MACC-12---,MCALC12---,MECOM12---,MENFP12---,MENT-12---,MEVSC12C--,MPREC12---,YED--2FX-L
1581,MACLV11---,MCMPS11---,MLFSC11---,MODED11---,MPGEO12---,MPH--11---,MPREC11---,YPSYC1AX--
1582,MADEM10---,MEFWR10---,MFMP-10---,MPHED10---,MSC--10---,MSP--10---,MSS--10---,MTPOW10---
1583,MATPH12---,MCH--11---,MDRM-12---,MENST12---,MFOM-11---,MGRPR12--L,MINST12---,YPSYC1AX--
1584,MADFS09---,MEN--09---,MMA--09---,MPHE-09B-L,MSC--09---,MSP--09---,MSS--09---,XBA--09C-L
1585,MCTWR11---,MENT-12---,MFOM-11---,MLST-12---,MPH--11---,MSP--11---,MTAUT11---,YPSYC1AX--
1586,MATPH12---,MCALC12---,MECOM12---,MENFP12---,MEVSC12C--,MFOOD12---,MPREC12---,YED--2FX-L,YLAW-2CX--
1587,MADFS09---,MEN--09E--,MPHE-09B-L,MSC--09---,MSP--09---,MSS--09---,XBA--09C-L,XBA--09J-L,XLDCE09NM-
1588,MCLE-10---,MCMCL12---,MCTWR11---,MENT-12---,MIT--11---,MPGEO12---,MPH--11---,MPREC11---
1589,MADD-09---,MADFS09---,MEN--09---,MMA--09---,MPHE-09G--,MSC--09---,MSP--09---,MSS--09---
1590,MCMCL12---,MENST12---,MINST12---,MLST-12---,MWH--12---
1591,MEFWR10---,MFMP-10---,MFOOD10---,MPHED10G--,MSC--10---,MSS--10---,MVAST10---,XBA--09G--
1592,MACLV11G--,MCTWR11---,MDNTP11---,MDRM-11---,MEPSS11---,MFOM-11---,MLFSC11---,MMAP-11---
1593,MCH--11---,MCLE-10---,MFR--11---,MLTST11---,MPH--11---,MPREC11---,MTAUT11---,MWH--12---
1594,MADFS09---,MDNC-09F--,MDNC-09M-L,MDR--09---,MEN--09---,MMA--09---,MPHE-09---,MSC--09---,MSS--09---,XC---09--L
1595,MADFS09---,MEN--09---,MFR--12---,MMA--09---,MPHE-09G--,MPHE-09Y--,MSC--09---,MSS--09---
1596,MATPH12---,MCMCL12---,MENFP12---,MENT-12---,MFOM-11---,MTAUT12---,MWEX-2A--L,YPA--2CX--
1597,MCH--11---,MCTWR11---,MENST12---,MINST12---,MPH--11---,MPREC11H--,MWEX-2A--L,YED--1EX-L,YPA--1CX--,YPSYC1AX--
1598,MDCF-10---,MFMP-10---,MFR--10---,MMUOR10S-L,MSC--10---
1599,MAC--11---,MCLE-10---,MCTWR11---,MECOM12---,MEVSC12C--,MINST12---,MPREC11---,MVAPH12---
1600,ACAL-12---,APHM-12---,MENST12C--,MLST-12---,MPREC12---,MTAUT12---,MTEAD12---
1601,MATPH12---,MCH--12---,MCMCL12---,MENFP12---,MENT-12---,MPH--11---,MPREC12---,YLAW-2CX--
1602,MATPH12---,MCH--12---,MCMCL12---,MENFP12---,MPH--11---,MPREC12---,YLAW-2CX--,YPSYC1AX--
1603,MEFWR10---,MFMP-10---,MMAP-11---,MPHED10G--,MSC--10---,MSS--10---,MWBDV10IT-,MWWK-10---,YCPA-0AX-L
1604,MCMCL12---,MDCF-12---,MDMD-12D--,MDRM-12---,MENST12---,MTDRF12---,MVAPH12---,MVAST12---
1605,MADEM10---,MEN--09E--,MPHE-09---,MSC--09---,MSP--09---,MSS--09---,XLDCE09NM-
1606,MATPH12---,MCH--11---,MGRPR11--L,MIMCB11--L,MINST12C--,MLTST11C--,MPH--11---,MPREC11H--,YCPA-1AX-L,YED--1EX-L
1607,MADFS09---,MEN--09C--,MMA--09C--,MPHE-09G--,MSC--09C--,MSP--09---,MSS--09C--
1608,MADEM10---,MDNC-09C-L,MDNC-09M-L,MDNC-09PT-,MEN--09---,MMA--09H--,MPHE-09G--,MSC--09---,MSP--09---,MSS--09---
1609,MDNC-10--L,MDNCM10--L,MDNTP10---,MEFWR10---,MFMP-10H--,MMAP-11---,MPHED10G--,MSC--10---,MSP--10---,MSS--10---
1610,MADFS09---,MADGE09D--,MAE--09---,MEN--09---,MMA--09---,MPHE-09G--,MSC--09---,MSS--09---
1611,MCMPS11---,MEPSS11---,MFOM-11---,MLFSC11---
1612,MAC--11---,MACLV12G--,MATPH12---,MDCF-12---,MENST12---,MPREC11---,MVAST12---,MWH--12---
1613,MEFWR10---,MFMP-10---,MFR--09---,MPHED10B--,MSC--10---,MSS--10---,MTEXP10D--,MVAPH10---
1614,MADEM10---,MEN--09---,MMA--09---,MPHE-09G--,MPHE-09Y--,MSC--09---,MSP--09---,MSS--09---
1615,MCMPS10C--,MDMD-12D--,MFMP-10C--,MFR--10---,MMACS11---,MPHED10B--,MSC--10C--,MSS--10C--
1616,MDCF-10---,MEFWR10---,MFMP-10---,MIDS-0C---,MPHED10G--,MSC--10---,MSS--10---,MVAST10---,MWBDV10IT-,YCPA-0AX-L
1617,MADD-09---,MADIT09---,MEN--09---,MFR--09---,MMA--09H--,MPHE-09B--,MSC--09---,MSS--09---
1618,MCMPR11W--,MCMPS10C--,MFMP-10C--,MMACS11---,MMEDD10---,MPHED10B--,MSC--10C--,MSS--10C--
1619,MADEM10---,MEN--09---,MFR--12---,MMA--09H--,MPHE-09G-L,MSC--09---,MSS--09---,XBA--09C-L
1620,MADEM10---,MADIT09---,MEN--09---,MFR--09---,MMA--09---,MPHE-09B--,MSC--09---,MSS--09---
1621,MCH--12---,MCMCL12---,MDRM-12---,MENFP12---,MLST-12---,MODED12---,MPH--12---,MPREC12---
1622,ACAL-12---,MCH--11---,MCMPR12W--,MENFP12---,MMACS11---,MPH--12---,MPREC12---,MTROB12---,YED--2FX-L
1623,MCLE-10---,MCTWR11---,MFOM-11---,MGRPR11--L,MIMG-12---,MINST12---,MLFSC11---,MODED11---,MTAUT11---
1624,MACLV11---,MCH--11---,MCLE-10---,MCTWR11---,MDRM-11---,MINST12---,MPH--11---,MPREC11---
1625,ACSC-2A---,MCALC12---,MCH--11---,MENFP12---,MFR--11---,MGRPR12--L,MMACS12---,MPH--12---,MPREC12H--,YED--2DX-L
1626,MBIT-11,MCTWR11---,MEVSC11---,MLST-12---,MMEDD11---,MTAUT11---,MVAPH12---,MWPM-11---
1627,MCLE-10---,MCTWR11---,MEPSS11---,MLFSC11---,MVAPH11---,MVAST11---,MWPM-11---,YPA--1CX--
1628,MACLV11---,MCLE-10---,MCMPS11---,MEVSC11---,MFOM-11---,MIMG-12---,MLST-12---,YPSYC1AX--
1629,MCMPS10---,MFMP-10---,MMEDD10---,MPHED10B--,MSC--10---,MSP--10---,MSS--10---,MTPOW10---
1630,ACSC-2A---,AELC-12---,MINST12---,MLTST12---,MMUOR12S-L,MPH--12---,MPREC12---
1631,MCH--11---,MCLE-10---,MGMT-12L--,MGRPR11--L,MINST12C--,MLTST11C--,MMACS12---,MPH--11---,MPREC11H--,MSP--11---,YCPA-1AXE-
1632,MCH--12---,MDRM-12---,MENFP12---,MLST-12---,MODED12---,MPREC12---,YLAW-2CX--,YPSYC1AX--
1633,MACLV12G--,MDNC-11--L,MDNCM12--L,MDNTP11---,MENFP12--Y,MEVSC11---,MFOOD12---,MVAST12---,YPA--2CX--
1634,MADFS09---,MADIT09---,MEN--09C--,MFR--11---,MMA--09C--,MPHE-09B--,MSC--09C--,MSS--09C--
1635,MATPH12---,MCLC-12---,MENFP12---,MWEX-2A--L,YED--2CX--
1636,MBIT-11,MDCF-10---,MDNC-10--L,MDNCM10--L,MEFWR10---,MFMP-10---,MPHED10G--,MSC--10---,MSP--10---,MSS--10---
1637,MEFWR10---,MFMP-10---,MMEDD10---,MPHED10G--,MSC--10---,MSS--10---,MTDRF10---,MVAST10---
1638,MEFWR10---,MFMP-10---,MMACS11---,MPHED10B--,MSC--10---,MSP--09---,MSS--10---,MTPOW10---
1639,MADGE09D--,MEN--09---,MFR--09---,MMA--09H--,MPHE-09G--,MSC--09---,MSP--09---,MSS--09---
1640,MAC--11---,MCH--11---,MCLE-10---,MCMPS11---,MFOM-11---,MIT--11---,MLST-12---,MMAP-11---
1641,MADFS09---,MADIT09---,MEN--09C--,MFR--11---,MMA--09C--,MPHE-09B--,MSC--09C--,MSS--09C--
1642,MADEM10---,MADER09---,MADIT09---,MEN--09C--,MMA--09C--,MPHE-09---,MSC--09C--,MSS--09C--,XLDCB09S-L
1643,MADIT09---,MEN--09C--,MFR--09---,MMA--09C--,MPHE-09G-L,MSC--09C--,MSS--09C--,XBA--09C-L,XBA--09J-L,XC---09--L
1644,MCH--11---,MCLE-10--L,MGMT-12L--,MGRPR11--L,MIMCB11--L,MINST12C--,MLTST11C--,MMACS12---,MMUOR11S-L,MPH--11---,MPREC11H--
1645,MCALC12---,MCH--12---,MECOM12---,MENST12---,MEVSC12C--,MINST12---
1646,MDNC-12--L,MDNTP12---,MENFP12--Y,MFOOD12---,MODED12---
1647,MCLE-10---,MENFP12--Y,MEPSS11---,MTAUT12---,MWPM-11---,MWWK-12---,YLAW-2CX--
1648,ACAL-12---,APHM-12---,MCH--12---,MCMPR12W--,MENST12C--,MPREC12H--,MSP--12---,MSTAT12---
1649,MATPH12---,MCH--11---,MCLE-10---,MCTWR11---,MFR--11---,MINST12---,MPH--11---,MPREC11H--,YCPA-1AXE-,YED--1EX-L
1650,MACLV12---,MCLE-10---,MDRM-12---,MENFP12--Y,MEVSC11---,MFOM-11---,MFOOD12---
1651,MACLV12---,MENFP12---,MFOOD12---,MLST-12---,MWH--12---,YED--2CX-L,YLAW-2CX--
1652,MADIT09---,MEN--09C--,MFR--11---,MMA--09C--,MPHE-09--L,MSC--09C--,MSS--09C--,XBA--09C-L,XBA--09J-L
1653,AELC-12---,MCALC12---,MCH--12---,MIMCB12--L,MIMJB12--L,MLTST12---,MPH--11---,MPREC12---,YCPA-2AXE-,YED--2DX-L,YED--2FX-L
1654,MCLE-10---,MCMCL12---,MCTWR11---,MEVSC11---,MFOOD11---,MFR--11---,MWPM-11---,XBA--09G--
1655,MCLE-10---,MCMCL12---,MCTWR11---,MEVSC11---,MFOOD11---,MFR--11---,MPREC11---,YPA--1CX--
1656,MCH--11---,MCLE-10---,MEPSS11---,MFR--11---,MLFSC11---,MLTST11---,MPH--11---,MPREC11---
1657,MADEM10---,MCMPS10C--,MFMP-10C--,MPHED10B--,MSC--10C--,MSS--10C--,MTDRF10---,MWBDV10IT-
1658,MACLV12---,MATPH12---,MCALC12---,MCH--12---,MDRM-12---,MENFP12---,MPREC12---,YLAW-2CX--
1659,MADEM10---,MADFS09---,MEN--09---,MMA--09---,MPHE-09---,MSC--09---,MSP--09---,MSS--09---
1660,MATPH12---,MCH--12---,MENFP12---,MEVSC12C--,MFOOD12---,MFR--11---,MPREC12---,YED--2FX-L
1661,MADD-09---,MADIT09---,MEN--09---,MMA--09H--,MPHE-09B--,MSC--09---,MSP--09---,MSS--09---
1662,MCH--11---,MCLE-10---,MCTWR11---,MEPSS11---,MFOM-11---,MSP--10---,MSP--11---,MTAUT11---
1663,MCMPS10---,MFMP-10---,MFOOD10---,MMUCB10--L,MMUOR10S-L,MSC--10---,MSS--10---,MWWK-10---
1664,MCH--12---,MENST12C--,MENT-12---,MEVSC12C--,MLST-12---,MMEDD12---,MSTAT12---,YCPA-2AX-L,YLAW-2CX--
1665,ACAL-12---,APHM-12---,MCH--11---,MCH--12---,MENFP12---,MIMCB12--L,MIMJB12--L,MSTAT12---,YCPA-2AXE-,YED--2FX-L,YLAW-2CX--
1666,MADEM10---,MADER09---,MADIT09---,MEN--09---,MMA--09H--,MPHE-09B--,MSC--09---,MSS--09---
1667,MCLE-10---,MLFSC11---,MLST-12---,MLTST11---,MWPM-10---,MWPM-11---,YLAW-2CX--,YPSYC1AX--
1668,MACLV12---,MATPH12---,MENST12C--,MFOOD12---,MPH--12---,MPREC12---,YLAW-2CX--
1669,MCTWR11---,MEPSS11---,MFOOD11---,MLFSC11---,MVAPH11---,MVAST11---,MWPM-11---,YED--1DX--
1670,MATPH12---,MCLC-12---,MENFP12---,MEVSC12C--,MPREC12---
1671,AELC-12---,MCALC12---,MCH--12---,MLST-12---,MLTST12---,MMACS12---,MPH--12---,MPREC12H--
1672,MACLV11---,MCH--11---,MECOM12---,MLFSC11---,MLTST11---,MPREC11---,MSP--11---,MWH--12---
1673,MENFP12---,MMEDD12---,MVAPH12---,MVAST12---,MWH--12---,YED--2CX--,YLAW-2CX--
1674,MACLV12---,MATPH12---,MCH--11---,MENFP12---,MENT-12---,MPH--12---,MPREC12---
1675,MEFWR10---,MMA--09---,MPHED10B--,MSC--10---,MSP--10---,MSS--10---,MTPOW10---,MWPM-10---
1676,MADFS09---,MADIT09---,MEN--09C--,MFR--12---,MMA--09C--,MPHE-09G--,MSC--09C--,MSS--09C--
1677,MCH--11---,MCMPS11---,MEPSS11---,MFOOD11---,MPH--11---,MPREC12---,MTDRF11---,MWWK-11---
1678,MADGE09D--,MADIT09---,MEN--09---,MFR--09---,MMA--09---,MPHE-09B--,MSC--09---,MSS--09---
1679,MATPH12---,MDCF-12---,MENFP12--Y,MENT-12---,MEPSS11---,MFOOD12---,MLFSC11---
1680,MADIT09---,MEN--09C--,MFR--09---,MMA--09C--,MPHE-09G-L,MSC--09C--,MSS--09C--,XBA--09C-L,XBA--09J-L
1681,MFMP-10---,MMACS11---,MMEDD10---,MPHED10B--,MSC--10---,MSPLG10--L,MSS--10---,MSTX-0AI--,YESFL0AX-L
1682,MCH--11---,MCLE-10--L,MIMCB11--L,MINST12---,MLTST11---,MPREC11---,MVAST11---,YCPA-1AX-L,YLAW-2CX--
1683,MCH--11---,MCLE-10---,MDMD-12D--,MEPSS11---,MFOOD11---,MLTST11---,MMACS11---,MPREC11---
1684,MCH--11---,MCLE-10---,MCMCL12---,MCMPS11---,MLST-12---,MPH--11---,MPREC11---,MSP--11---
1685,MCH--11---,MCLE-10---,MINST12---,MLTST11---,MPH--11---,MPREC11H--,MTDRF11---,YPSYC1AX--
1686,MCH--11---,MCLE-10--L,MGMT-12L--,MIMCB11--L,MIMJB11--L,MINST12C--,MLTST11C--,MPH--11---,MPREC11H--,MTDRF11---,YED--1EX-L
1687,MCH--11---,MCLE-10--L,MIMCB11--L,MIMJB11--L,MINST12C--,MIT--11---,MLFSC11---,MLTST11C--,MPREC11H--
1688,MADFS09---,MEN--09---,MFR--09---,MMA--09---,MPHE-09---,MPHE-09Y--,MSC--09---,MSS--09---
1689,MAE--09---,MDNC-09M-L,MEN--09---,MFR--09---,MMA--09---,MPHE-09G--,MSC--09---,MSP--09---,MSS--09---
1690,MADEM10---,MEN--09---,MMA--09---,MPHE-09---,MPHE-09Y--,MSC--09---,MSP--09---,MSS--09---
1691,MADEM10---,MBIT-11,MEFWR10---,MFMP-10---,MPHED10G--,MSC--10---,MSS--10---,YPA--0CX--
1692,MACLV11---,MCLE-10--L,MCMPS11---,MEVSC11---,MFOM-11---,MFOOD11---,MWPM-11---,YED--1DX-L
1693,MADFS09---,MADGE09D--,MEN--09---,MMA--09---,MPHE-09B--,MSC--09---,MSP--09---,MSS--09---
1694,MCLE-10---,MEPSS11---,MEVSC11---,MFMP-10---,MLTST11---,MODED11---,MPREC11---,MSC--10---
1695,MCH--11---,MCLE-10---,MEPSS11---,MFOOD11---,MPH--11---,MPREC11---,MSPLG10--L,YESFL0AX-L
1696,MEFWR10---,MFMP-10H--,MFR--12---,MPHED10---,MSC--10---,MSS--10---,MTDRF10---,MWBDV10IT-
1697,MACLV12---,MENFP12---,MFOOD12---,MODED12---,MSTX-2AI--,MTAUT12---,MTEAD12---,MWEX-2A--L
1698,MACLV12---,MENFP12---,MFOOD12---,MLST-12---,MTAUT12---
1699,MCLE-10---,MCTWR11---,MDCF-11---,MFR--10---,MFR--11---,MINST12---,MLFSC11---,MPREC11---,YCPA-1AXE-
1700,MEFWR10---,MFMP-10H--,MFR--10---,MFR--11---,MMACS11---,MPHED10B--,MSC--10---,MSS--10---,YCPA-0AXE-
1701,MCH--11---,MCLE-10---,MCMCL12---,MFR--12---,MGRPR11--L,MLFSC11---,MLTST11---,MPREC11---,YLAW-2CX--
1702,MAC--11---,MEFWR10---,MFMP-10---,MPHED10B--,MSC--10---,MSP--10---,MSS--10---,MTDRF10---
1703,MADFS09---,MEN--09---,MFR--11---,MMA--09H--,MPHE-09G-L,MSC--09---,MSS--09---,XBA--09C-L,XBA--09J-L
1704,MCMPR11W--,MCMPS10C--,MFMP-10C--,MPHED10B--,MSC--10C--,MSS--10C--,MTDRF10---,MWWK-10---
1705,MCH--11---,MGMT-12L--,MINST12C--,MLTST11C--,MMACS12---,MPH--11---,MPREC11---,MPREC12---,MSTAT12---
1706,MACLV12G--,MATPH12---,MENFP12---,MFOM-11---,MFOOD12---,YED--2CX--
1707,MATPH12---,MCMCL12---,MENFP12---,MENT-12---,MSP--11---,MTAUT12---,MWEX-2A--L,YPSYC1AX--
1708,MACLV11---,MCLE-10---,MENT-12---,MEVSC11---,MFMP-10---,MLTST11---,MSS--10---,MTAUT11---
1709,MFMP-10---,MFOOD10---,MPHED10G--,MSC--10---,MSPLG10--L,MSS--10---,MVAPH10---,YESFL0AX-L
1710,MADER09---,MADIT09---,MEN--09C--,MFR--12---,MMA--09C--,MPHE-09---,MSC--09C--,MSS--09C--
1711,MATPH12---,MCALC12---,MCH--12---,MENFP12---,MPH--11---,MPH--12---,MPREC12---,MSTAT12---
1712,MATPH12---,MDRM-12---,MENFP12---,MEVSC12C--,MFOOD12---,MODED12---,MPGEO12---,MSTAT12---
1713,MADIT09---,MDR--09---,MEN--09---,MEN--09E--,MMA--09---,MPHE-09G--,MSC--09---,MSS--09---
1714,MADFS09---,MADIT09---,MEN--09C--,MFR--11---,MMA--09C--,MPHE-09---,MSC--09C--,MSS--09C--
1715,AELC-12---,MCMCL12---,MDRM-12---,MGRPR12--L,MIMG-12---,MINST12---,MLTST12---,MVAST12---,MWH--12---
1716,MADD-09---,MADIT09---,MEN--09---,MIMG-12---,MMA--09---,MPHE-09G--,MSC--09---,MSS--09---
1717,MCMPS10---,MDRM-10---,MFMP-10---,MPHED10G--,MSC--10---,MSS--10---,MVAPH10---,MWWK-10---
1718,MCMPR11W--,MCMPS10---,MFMP-10H--,MPHED10B--,MSC--10---,MSP--10---,MSS--10---,MTDRF10---
1719,MATPH12---,MDRM-12---,MENST12---,MEVSC12C--,MINST12---,MVAPH12---,MVAST12---
1720,MADFS09---,MEN--09---,MMA--09---,MPHE-09G--,MPHE-09Y--,MSC--09---,MSP--09---,MSS--09---
1721,ACAL-12---,ACSC-2A---,AELC-12---,APHM-12---,MCH--12---,MLTST12---,MPREC12H--
1722,ACAL-12---,AELC-12---,MATPH12---,MCH--12---,MCMCC12--L,MLTST12---,MPH--12---,MPREC12H--,YCPA-2AXE-,YED--2FX-L
1723,MATPH12---,MBIT-11,MDRM-12---,MENST12---,MINST12---,MIT--11---,MLTST11---,MPREC12---,YCPA-2AX-L
1724,MATPH12---,MCALC12---,MCH--11---,MCH--12---,MCMCL12---,MENFP12---,MENT-12---,MPREC12---,MWEX-2A--L,YCPA-2AXE-
1725,MADER09---,MADGE09I--,MEN--09---,MPHE-09B--,MSC--09---,MSP--09---,MSS--09---,XLDCE09NM-
1726,MCTWR11---,MEPSS11---,MFOM-11---,MLFSC11---
1727,MADEM10---,MDNC-10--L,MFMP-10---,MFR--10---,MPHED10G--,MSC--10---,MSPLG10--L,MSS--10---,YESFL0AX-L
1728,MADEM10---,MCMPS10C--,MFMP-10C--,MFR--10---,MMACS11---,MPHED10---,MSC--10C--,MSS--10C--
1729,MADD-09---,MAE--09---,MEN--09---,MMA--09---,MPHE-09---,MSC--09---,MSS--09---,XLDCB09M--
1730,MATPH12---,MCH--11---,MCLE-10--L,MGRPR11--L,MIMCB11--L,MIMJB11--L,MINST12C--,MLTST11C--,MPH--11---,MPREC11H--,YCPA-1AXE-,YED--1EX-L
1731,MADGE09D--,MADGE09I--,MEN--09---,MMA--09---,MPHE-09G--,MSC--09---,MSP--09---,MSS--09---
1732,MCH--11---,MCLE-10---,MGRPR11--L,MINST12---,MIT--11---,MLFSC11---,MLTST11---,MPREC11---,MSP--11---
1733,MACLV11---,MCH--11---,MCLE-10---,MCMCL12---,MCTWR11---,MMACS11---,MPH--11---,MPREC11---,YCPA-1AX-L,YCPA-1AXE-
1734,MATPH12---,MCH--11---,MCLE-10---,MINST12C--,MLFSC11---,MLTST11C--,MMUOR11S-L,MPH--11---,MPREC11---
1735,MADEM10---,MADFS09---,MADGE09D--,MEN--09C--,MMA--09C--,MPHE-09B--,MSC--09C--,MSS--09C--
1736,MCMCL12---,MENST12---,MINST12---,YLAW-2CX--,YPSYC1AX--
1737,MCH--11---,MCLE-10---,MINST12C--,MLTST11C--,MMACS12---,MPH--11---,MPREC11---,MSTAT12---
1738,MCH--11---,MCLE-10---,MCMPS10---,MCMPS11---,MINST12---,MPH--11---,MSC--10---,YPSYC1AX--
1739,MCMPS10---,MFMP-10---,MFOOD10---,MPHED10G--,MSC--10---,MSS--10---,MTDRF10---,YESFL0AX--
1740,MADD-09---,MADIT09---,MEN--09C--,MMA--09C--,MPHE-09--L,MSC--09C--,MSS--09C--,XBA--09C-L,XBA--09J-L,XLDCB09S-L
1741,MCH--11---,MINST12C--,MLTST11C--,MMACS11---,MMACS12---,MPH--11---,MPREC11---,MTDRF11---
1742,MADER09---,MDR--09---,MEN--09---,MMA--09---,MPHE-09B-L,MSC--09---,MSS--09---,XBA--09C-L,XBA--09J-L,XLDCB09S-L
1743,MADEM10---,MEN--09---,MFR--12---,MMA--09H--,MPHE-09G-L,MSC--09---,MSS--09---,XBA--09C-L,XBA--09J-L
1744,MCLE-10---,MCMPS10C--,MDRM-10---,MFMP-10C--,MFOOD10---,MIDS-0C---,MMUOR10S-L,MPHED10---,MSC--10C--,MSS--10C--
1745,MATPH12---,MBIT-11,MCH--12---,MENFP12---,MEVSC11---,MFOOD12---,MMUOR12S-L,MPGEO12---,MSTAT12---,YCPA-2AX-L,YED--2FX-L
1746,MCH--11---,MCLE-10---,MEPSS11---,MLFSC11---,MPREC11---,MSPLG10--L,MTROB11---,YESFL0AX-L
1747,AELC-12---,MATPH12---,MFOM-11---,MINST12---,MLTST12---,MSP--12---,YPSYC1AX--
1748,MCMPS10---,MFOOD10---,MFR--12---,MMAP-11---,MPHED10G--,MSC--10---,MSS--10---,MWPM-10---
1749,MADIT09---,MEN--09---,MPHE-09---,MSC--09---,MSP--09---,MSS--09---,XLDCB09M--,XLDCE09NM-
1750,MCLE-10---,MCMPR11W--,MEPSS11---,MLFSC11---,MMAP-11---,MPREC11---,MSPLG10--L,YESFL0AX-L
1751,MCH--11---,MCLE-10---,MCTWR11---,MFOM-11---,MFOOD11---,MLST-12---,MSP--11---,YLAW-2CX--
1752,MCH--11---,MCLE-10---,MCTWR11---,MMACS11---,MPH--11---,MPREC11---,MSTX-1AI--,YMIS-1DD--
1753,MADEM10---,MDNC-10--L,MDNCM10--L,MDNTP10---,MEFWR10---,MFMP-10---,MPHED10G--,MSC--10---,MSS--10---,YED--0AX--
1754,MATPH12---,MCMCL12---,MENFP12---,MLST-12---,MODED12---,MPGEO12---,MTAUT12---,MWH--12---
1755,MCH--11---,MCLE-10---,MCTWR11---,MPREC11---,MTAUT11---,MWH--12---,YLAW-2CX--,YPSYC1AX--
1756,MEFWR10---,MFMP-10---,MFOOD10---,MMAP-11---,MPHED10---,MSC--10---,MSS--10---,MVAPH10---
1757,MCH--11---,MCLE-10--L,MCTWR11---,MIMCB11--L,MIMJB11--L,MLST-12---,MPH--11---,MPREC11---,YPSYC1AX--
1758,MEFWR10---,MFMP-10---,MFOOD10---,MFR--10---,MMACS11---,MPHED10B--,MSC--10---,MSS--10---
1759,MACC-12---,MACLV12---,MCH--12---,MECOM12---,MENFP12---,MLST-12---,MPH--12---,MPREC12---
1760,MEFWR10---,MFMP-10---,MFOOD10---,MFR--10---,MMUOR10S-L,MPHED10G--,MSC--10---,MSS--10---,MWBDV10IT-
1761,MAC--11---,MATPH12---,MCH--12---,MDNC-12--L,MDNCM12--L,MDNTP12---,MENFP12---,MIMG-12---,MLFSC11---,MPREC12---,YCPA-2AX-L
1762,MADFS09---,MEN--09---,MPHE-09B--,MSC--09---,MSP--09---,MSS--09---,XLDCB09M--,XLDCE09NM-
1763,MADFS09---,MADW-09---,MEN--09---,MMA--09---,MPHE-09B--,MSC--09---,MSS--09---,XLDCB09LS-
1764,MDNC-10--L,MDNCM10--L,MDNTP10---,MDRM-10---,MEFWR10---,MFMP-10---,MFOOD10---,MPHED10G--,MSC--10---,MSS--10---
1765,MAC--11---,MCH--11---,MCLE-10---,MCMPS11---,MEVSC12C--,MLST-12---,MPH--11---,MPREC11---
1766,MCH--11---,MCLE-10---,MGMT-12L--,MINST12C--,MLTST11C--,MMACS12---,MPH--11---,MPREC11H--,MPREC12H--,YCPA-1AX-L
1767,MCH--11---,MCLE-10---,MDMD-12D--,MINST12C--,MLTST11C--,MMACS11---,MPREC11H--,MVAST11---,YCPA-1AX-L
1768,MDMD-12D--,MMACS11---,MPHED10B--,MSC--10---,MSPLG10--L,MSS--10---,MWPM-10---,YESFL0AX-L
1769,MADEM10---,MCMPS10---,MFMP-10---,MFR--11---,MPHED10G--,MSC--10---,MSS--10---,MTDRF10---,YCPA-0AX-L
1770,MCMPS11---,MDCOM11C--,MGRPR11--L,MINST12---,MPH--11---,MPH--12---,MPREC12---,MVAST11---,MVAST12---
1771,MAC--11---,MADEM10---,MCMPS10---,MFMP-10---,MPHED10---,MSC--10---,MSP--10---,MSS--10---
1772,MATPH12---,MCALC12---,MCH--12---,MECOM12---,MENFP12---,MPH--12---,MPREC12H--,YLAW-2CX--
1773,ACAL-12---,MCH--12---,MCMPR12W--,MCMPS11---,MENFP12--Y,MINST12---,MPH--12---,MTROB12---
1774,MACC-12---,MCH--12---,MENFP12---,MMACS11---,MPH--11---,MPH--12---,MPREC12---,MSP--11---
1775,MCLE-10---,MPGEO12---,MPH--11---,MPREC11---,MPREC12---,MSPLG10--L,MWWK-11---,YESFL0AX-L
1776,MAC--11---,MCH--11---,MCLE-10---,MCMPS11---,MEPSS11---,MPH--11---,MPREC11---,MPREC12---,YCPA-1AXE-
1777,MCALC12---,MCH--12---,MENFP12--Y,MFOOD12---,MGMT-12L--,MPH--12---,MSTAT12---,YCPA-2AX-L,YED--2FX-L,YESFL1CX--
1778,MCMPS11---,MCSTU10---,MFMP-10H--,MFOOD10---,MSC--10---,MSS--10---,MTEAR10---,XBA--09G--,YCPA-0AXE-
1779,MCMPS10C--,MDMD-12D--,MFMP-10C--,MFR--10---,MMACS11---,MSC--10C--,MSS--10C--,YED--0BX-L
1780,AELC-12---,APHM-12---,MAC--11---,MATPH12---,MCH--12---,MEVSC12C--,MGMT-12L--,MLST-12---,MLTST12---
1781,MCMPS10C--,MFMP-10C--,MFR--12---,MMACS11---,MPHED10---,MSC--10C--,MSS--10C--,MTDRF10---,YCPA-0AX-L
1782,MCALC12---,MCMCL12---,MDMD-12D--,MDRM-12---,MENFP12--Y,MPH--12---,YLAW-2CX--
1783,MCMPR11W--,MCMPS10C--,MFMP-10C--,MIDS-0C---,MMACS11---,MPHED10G--,MSC--10C--,MSS--10C--,MWBDV10IT-
1784,MATPH12---,MCALC12---,MCH--12---,MDNC-12--L,MDNCM12--L,MENFP12---,MLST-12---,MPREC12---,MSP--12---,YLAW-2CX--
1785,MADER09---,MAE--09---,MEN--09---,MMA--09---,MPHE-09--L,MSC--09---,MSS--09---,XBA--09C-L
1786,MATPH12---,MCALC12---,MCH--12---,MDNC-12--L,MDNCM12--L,MENFP12---,MLST-12---,MPREC12---,YLAW-2CX--,YPSYC1AX--
1787,ACAL-12---,AELC-12---,APHM-12---,MCH--12---,MCMCC12--L,MLTST12---,MMUOR12S-L,MPREC12H--,MSTAT12---,MTDRF12---,MWEX-2A--L,YCPA-2AX-L,YCPA-2AXE-,YED--2FX-L
1788,MFMP-10---,MFOOD10---,MPHED10G--,MSC--10---,MSPLG10--L,MSS--10---,MVAST10---,YESFL0AX-L
1789,MADEM10---,MADER09---,MADFS09---,MEN--09---,MMA--09---,MPHE-09B--,MSC--09---,MSS--09---
1790,MCH--11---,MCLE-10--L,MIMCB11--L,MIMJB11--L,MINST12C--,MLTST11C--,MMACS12---,MPH--11---,MPREC11H--,YED--1EX-L
1791,MCALC12---,MENFP12---,MEVSC12C--,MFOOD12---,MVAPH11---,YLAW-2CX--,YPSYC1AX--
1792,AELC-12---,MEVSC12C--,MINST12---,MLST-12---,MLTST12---,MWEX-2A--L,MWEX-2B--L,MWH--12---
1793,MCH--11---,MCLE-10--L,MGMT-12L--,MGRPR11--L,MIMCB11--L,MINST12C--,MLTST11C--,MPH--11---,MPREC11H--,YCPA-1AX-L,YLAW-2CX--
1794,MEN--09C--,MMA--09C--,MSC--09C--,MSS--09C--
1795,MCMCL12---,MENFP12--Y,MEVSC12C--,MPGEO12---,MPREC12---,MVAST12---,MWWK-12---,YESFL1CX--
1796,MATPH12---,MCH--12---,MENFP12---,MPREC12---,MTDRF12---,MVAST12---,MWWK-12---,YPSYC1AX--
1797,MCMPS10---,MFMP-10---,MFOOD10---,MPHED10B--,MSC--10---,MSS--10---,MVAPH10---,MWWK-10---
1798,MADD-09---,MADEM10---,MEN--09---,MEN--09E--,MMA--09---,MPHE-09B--,MSC--09---,MSS--09---
1799,MCMPS10C--,MFMP-10C--,MFR--10---,MMACS11---,MMUCB10--L,MMUJB10--L,MPHED10--L,MSC--10C--,MSS--10C--,YED--0BX-L
1800,ACAL-12---,MACC-12---,MATPH12---,MCH--12---,MENFP12---,MLST-12---,MPREC12---,MSTAT12---,YCPA-2AX-L
1801,ACAL-12---,MACC-12---,MENT-12---,MEVSC11---,MINST12C--,MLTST11C--,MPREC11---,MPREC12---
1802,MBIT-11,MDCF-10---,MEFWR10---,MFMP-10H--,MFOOD10---,MSC--10---,MSS--10---,XBA--09G--
1803,MCMPS10C--,MFMP-10C--,MFOOD10---,MIDS-0C---,MMACS11---,MPHED10G--,MSC--10C--,MSS--10C--,MTDRF10---
1804,MADEM10---,MDR--09---,MEN--09---,MEN--09E--,MMA--09---,MPHE-09B--,MSC--09---,MSS--09---
1805,MADIT09---,MAE--09---,MEN--09C--,MMA--09C--,MPHE-09--L,MSC--09C--,MSS--09C--,XBA--09C-L,XBA--09J-L,XLDCB09S-L
1806,MADIT09---,MEN--09C--,MFR--12---,MMA--09C--,MPHE-09B-L,MSC--09C--,MSS--09C--,XBA--09C-L,XBA--09J-L
1807,MADD-09---,MEN--09---,MFR--11---,MMA--09H--,MPHE-09B-L,MSC--09---,MSS--09---,XBA--09C-L,XBA--09J-L
1808,MATPH12---,MCMCC12--L,MDRM-12---,MENST12C--,MIMCB12--L,MMEDD12---,MPREC12H--,MSP--11---,YED--2DX-L,YPSYC1AX--
1809,ACAL-12---,AELC-12---,APHM-12---,MATPH12---,MEVSC12C--,MLTST12---,MPREC12H--,MSTAT12---,YCPA-2AX-L,YED--2DX-L
1810,MATPH12---,MCALC12---,MCH--12---,MDNC-12--L,MDNCM12--L,MECOM12---,MENFP12---,MLST-12---,MPH--12---,MPREC12H--,YCPA-2AXE-,YED--2DX-L,YED--2FX-L
1811,MEFWR10---,MFMP-10H--,MFOOD10---,MFR--09---,MMACS11---,MPHED10B--,MSC--10---,MSS--10---
1812,MACC-12---,MCLE-10--L,MCMPS11---,MIMCB11--L,MLST-12---,MPH--11---,MPREC11---,YLAW-2CX--
1813,MADIT09---,MEN--09C--,MFR--11---,MMA--09C--,MPHE-09B-L,MSC--09C--,MSS--09C--,XBA--09C-L,XBA--09J-L
1814,MADEM10---,MEN--09C--,MFR--12---,MMA--09C--,MPHE-09B--,MSC--09C--,MSS--09C--,XLDCB09M--
1815,MCMPR11W--,MCMPS10C--,MFMP-10C--,MMACS11---,MMUCB10--L,MPHED10--L,MSC--10C--,MSS--10C--
1816,MDMD-12D--,MFMP-10---,MPHED10---,MSC--10---,MSPLG10--L,MSS--10---,MTPOW10---,YESFL0AX-L
1817,MCLE-10---,MDMD-12D--,MFOOD11---,MLFSC11---,MLST-12---,MLTST11---,MODED11---,MPREC11---,YCPA-1AXE-
1818,MADD-09---,MADER09---,MEN--09---,MMA--09H--,MPHE-09B--,MSC--09---,MSS--09---,XLDCB09M--
1819,MADIT09---,MEN--09C--,MFR--12---,MMA--09C--,MPHE-09--L,MSC--09C--,MSS--09C--,XBA--09C-L,XBA--09J-L
1820,MCH--11---,MCLE-10---,MINST12C--,MLST-12---,MLTST11C--,MMACS11---,MPH--11---,MPREC11---
1821,MADD-09---,MADGE09D--,MADIT09---,MEN--09C--,MMA--09C--,MPHE-09---,MSC--09C--,MSS--09C--
1822,MADEM10---,MFMP-10H--,MMUCC10--L,MPHED10---,MSC--09---,MSC--10---,MSPLG10--L,MSS--10---,YESFL0AX-L
1823,MACC-12---,MCH--11---,MCLE-10--L,MCMPS11---,MIMCB11--L,MLFSC11---,MPGEO12---,MPREC11H--,YCPA-1AXE-
1824,MCH--11---,MCLE-10---,MGMT-12L--,MINST12C--,MLTST11C--,MMACS11---,MPH--11---,MPREC11H--,MSTAT12---,YCPA-1AX-L
1825,MACLV12---,MDRM-12---,MENFP12--Y,MEPSS11---,MEVSC11---,MFOOD12---,XBA--09G--
1826,MENFP12--Y,MEPSS11---,MEVSC11---,MFOOD12---,MMEDD12---,MSS--10---,MVAST12---,YCPA-2AX-L
1827,MADEM10---,MADFS09---,MADGE09I--,MEN--09---,MMA--09---,MPHE-09B--,MSC--09---,MSS--09---
1828,MADEM10---,MAE--09---,MEN--09---,MEN--09E--,MMA--09---,MPHE-09G--,MSC--09---,MSS--09---
1829,MDNC-09PT-,MEN--09---,MFR--09---,MMA--09H--,MPHE-09G--,MSC--09---,MSS--09---,XBA--09G--,XBA--09J-L,XC---09--L
1830,MADEM10---,MADW-09---,MAE--09---,MEN--09E--,MMA--09---,MPHE-09B--,MSC--09---,MSS--09---
1831,MADEM10---,MADIT09---,MADW-09---,MEN--09---,MMA--09---,MPHE-09B--,MSC--09---,MSS--09---
1832,APHM-12---,MCH--12---,MCMPR11W--,MDCOM11C--,MENST12C--,MGMT-12L--,MSTAT12---,MVAST12---,YCPA-2AXE-,YED--2DX-L,YLAW-2CX--
1833,MCLE-10---,MCTWR11---,MDMD-12D--,MMACS12---,MPGEO12---,MPH--11---,MPREC11H--,MPREC12H--
1834,MAC--11---,MCH--11---,MCLE-10---,MCMPS11---,MEPSS11---,MPH--11---,MPREC11---,MPREC12---,MWEX-2A--L,YCPA-1AX-L
1835,MADIT09---,MEN--09C--,MFR--12---,MMA--09C--,MPHE-09G-L,MSC--09C--,MSS--09C--,XBA--09C-L,XBA--09J-L
1836,MEFWR10---,MFMP-10---,MFOOD10---,MPHED10G--,MSC--10---,MSP--10---,MSS--10---,MVAST10---
1837,MCLE-10---,MCMCL12---,MCTWR11---,MDRM-11---,MEVSC11---,MFOM-11---,MMEDD11---,YCPA-1AX-L,YPSYC1AX--
